Klasse;Stunde;Lernbereich;Thema;Modul-ID;Schüler-Modul;Lehrer-Vorbereitung;Alter Dateiname
5;1;Sprechen und Zuhören;Ankommen im Deutschunterricht: Vorwissen und Positionen klären;de_k5_st01_ankommen_einstieg;schueler/de_k5_st01_ankommen_einstieg_app.html;lehrer/de_k5_st01_ankommen_einstieg_orga.html;de_05_ankommen_001_einstieg.html
5;2;Lesen/Umgang mit Texten;Ankommen im Deutschunterricht: Quellen und Materialien erschließen;de_k5_st02_ankommen_quellen;schueler/de_k5_st02_ankommen_quellen_app.html;lehrer/de_k5_st02_ankommen_quellen_orga.html;de_05_ankommen_002_quellen.html
5;3;Lesen/Umgang mit Texten;Ankommen im Deutschunterricht: Qualitätskriterien anwenden;de_k5_st03_ankommen_kriterien;schueler/de_k5_st03_ankommen_kriterien_app.html;lehrer/de_k5_st03_ankommen_kriterien_orga.html;de_05_ankommen_003_kriterien.html
5;4;Lesen/Umgang mit Texten;Ankommen im Deutschunterricht: Darstellungen vergleichen;de_k5_st04_ankommen_vergleichen;schueler/de_k5_st04_ankommen_vergleichen_app.html;lehrer/de_k5_st04_ankommen_vergleichen_orga.html;de_05_ankommen_004_vergleichen.html
5;5;Schreiben;Ankommen im Deutschunterricht: Informationen prüfen und ordnen;de_k5_st05_ankommen_recherche;schueler/de_k5_st05_ankommen_recherche_app.html;lehrer/de_k5_st05_ankommen_recherche_orga.html;de_05_ankommen_005_recherche.html
5;6;Schreiben;Ankommen im Deutschunterricht: Produkt planen;de_k5_st06_ankommen_planen;schueler/de_k5_st06_ankommen_planen_app.html;lehrer/de_k5_st06_ankommen_planen_orga.html;de_05_ankommen_006_planen.html
5;7;Schreiben;Ankommen im Deutschunterricht: Produkt erstellen;de_k5_st07_ankommen_erstellen;schueler/de_k5_st07_ankommen_erstellen_app.html;lehrer/de_k5_st07_ankommen_erstellen_orga.html;de_05_ankommen_007_erstellen.html
5;8;Sprechen und Zuhören;Ankommen im Deutschunterricht: Präsentieren und reflektieren;de_k5_st08_ankommen_reflexion;schueler/de_k5_st08_ankommen_reflexion_app.html;lehrer/de_k5_st08_ankommen_reflexion_orga.html;de_05_ankommen_008_reflexion.html
5;49;Lesen/Umgang mit Texten;Gegenstände, Tiere und Vorgänge beschreiben: Beispieltexte untersuchen;de_k5_st49_beschreiben_beispiel;schueler/de_k5_st49_beschreiben_beispiel_app.html;lehrer/de_k5_st49_beschreiben_beispiel_orga.html;de_05_beschreiben_049_beispiel.html
5;50;Schreiben;Gegenstände, Tiere und Vorgänge beschreiben: Schreibziel und Kriterien klären;de_k5_st50_beschreiben_kriterien;schueler/de_k5_st50_beschreiben_kriterien_app.html;lehrer/de_k5_st50_beschreiben_kriterien_orga.html;de_05_beschreiben_050_kriterien.html
5;51;Lesen/Umgang mit Texten;Gegenstände, Tiere und Vorgänge beschreiben: Inhalte auswählen und ordnen;de_k5_st51_beschreiben_inhalte_ordnen;schueler/de_k5_st51_beschreiben_inhalte_ordnen_app.html;lehrer/de_k5_st51_beschreiben_inhalte_ordnen_orga.html;de_05_beschreiben_051_inhalte_ordnen.html
5;52;Sprache untersuchen;Gegenstände, Tiere und Vorgänge beschreiben: Passende sprachliche Mittel verwenden;de_k5_st52_beschreiben_sprachmittel;schueler/de_k5_st52_beschreiben_sprachmittel_app.html;lehrer/de_k5_st52_beschreiben_sprachmittel_orga.html;de_05_beschreiben_052_sprachmittel.html
5;53;Schreiben;Gegenstände, Tiere und Vorgänge beschreiben: Einen Schreibplan erstellen;de_k5_st53_beschreiben_schreibplan;schueler/de_k5_st53_beschreiben_schreibplan_app.html;lehrer/de_k5_st53_beschreiben_schreibplan_orga.html;de_05_beschreiben_053_schreibplan.html
5;54;Schreiben;Gegenstände, Tiere und Vorgänge beschreiben: Einen ersten Textentwurf verfassen;de_k5_st54_beschreiben_entwurf;schueler/de_k5_st54_beschreiben_entwurf_app.html;lehrer/de_k5_st54_beschreiben_entwurf_orga.html;de_05_beschreiben_054_entwurf.html
5;55;Schreiben;Gegenstände, Tiere und Vorgänge beschreiben: Text kriteriengeleitet überarbeiten;de_k5_st55_beschreiben_ueberarbeiten;schueler/de_k5_st55_beschreiben_ueberarbeiten_app.html;lehrer/de_k5_st55_beschreiben_ueberarbeiten_orga.html;de_05_beschreiben_055_ueberarbeiten.html
5;56;Sprechen und Zuhören;Gegenstände, Tiere und Vorgänge beschreiben: Texte vorstellen und bewerten;de_k5_st56_beschreiben_vorstellen;schueler/de_k5_st56_beschreiben_vorstellen_app.html;lehrer/de_k5_st56_beschreiben_vorstellen_orga.html;de_05_beschreiben_056_vorstellen.html
5;81;Lesen/Umgang mit Texten;Briefe, E-Mails und Einladungen verfassen: Beispieltexte untersuchen;de_k5_st81_briefe_beispiel;schueler/de_k5_st81_briefe_beispiel_app.html;lehrer/de_k5_st81_briefe_beispiel_orga.html;de_05_briefe_081_beispiel.html
5;82;Schreiben;Briefe, E-Mails und Einladungen verfassen: Schreibziel und Kriterien klären;de_k5_st82_briefe_kriterien;schueler/de_k5_st82_briefe_kriterien_app.html;lehrer/de_k5_st82_briefe_kriterien_orga.html;de_05_briefe_082_kriterien.html
5;83;Lesen/Umgang mit Texten;Briefe, E-Mails und Einladungen verfassen: Inhalte auswählen und ordnen;de_k5_st83_briefe_inhalte_ordnen;schueler/de_k5_st83_briefe_inhalte_ordnen_app.html;lehrer/de_k5_st83_briefe_inhalte_ordnen_orga.html;de_05_briefe_083_inhalte_ordnen.html
5;84;Sprache untersuchen;Briefe, E-Mails und Einladungen verfassen: Passende sprachliche Mittel verwenden;de_k5_st84_briefe_sprachmittel;schueler/de_k5_st84_briefe_sprachmittel_app.html;lehrer/de_k5_st84_briefe_sprachmittel_orga.html;de_05_briefe_084_sprachmittel.html
5;85;Schreiben;Briefe, E-Mails und Einladungen verfassen: Einen Schreibplan erstellen;de_k5_st85_briefe_schreibplan;schueler/de_k5_st85_briefe_schreibplan_app.html;lehrer/de_k5_st85_briefe_schreibplan_orga.html;de_05_briefe_085_schreibplan.html
5;86;Schreiben;Briefe, E-Mails und Einladungen verfassen: Einen ersten Textentwurf verfassen;de_k5_st86_briefe_entwurf;schueler/de_k5_st86_briefe_entwurf_app.html;lehrer/de_k5_st86_briefe_entwurf_orga.html;de_05_briefe_086_entwurf.html
5;87;Schreiben;Briefe, E-Mails und Einladungen verfassen: Text kriteriengeleitet überarbeiten;de_k5_st87_briefe_ueberarbeiten;schueler/de_k5_st87_briefe_ueberarbeiten_app.html;lehrer/de_k5_st87_briefe_ueberarbeiten_orga.html;de_05_briefe_087_ueberarbeiten.html
5;88;Sprechen und Zuhören;Briefe, E-Mails und Einladungen verfassen: Texte vorstellen und bewerten;de_k5_st88_briefe_vorstellen;schueler/de_k5_st88_briefe_vorstellen_app.html;lehrer/de_k5_st88_briefe_vorstellen_orga.html;de_05_briefe_088_vorstellen.html
5;9;Lesen/Umgang mit Texten;Erlebnisse anschaulich erzählen: Beispieltexte untersuchen;de_k5_st09_erzaehlen_beispiel;schueler/de_k5_st09_erzaehlen_beispiel_app.html;lehrer/de_k5_st09_erzaehlen_beispiel_orga.html;de_05_erzaehlen_009_beispiel.html
5;10;Schreiben;Erlebnisse anschaulich erzählen: Schreibziel und Kriterien klären;de_k5_st10_erzaehlen_kriterien;schueler/de_k5_st10_erzaehlen_kriterien_app.html;lehrer/de_k5_st10_erzaehlen_kriterien_orga.html;de_05_erzaehlen_010_kriterien.html
5;11;Lesen/Umgang mit Texten;Erlebnisse anschaulich erzählen: Inhalte auswählen und ordnen;de_k5_st11_erzaehlen_inhalte_ordnen;schueler/de_k5_st11_erzaehlen_inhalte_ordnen_app.html;lehrer/de_k5_st11_erzaehlen_inhalte_ordnen_orga.html;de_05_erzaehlen_011_inhalte_ordnen.html
5;12;Sprache untersuchen;Erlebnisse anschaulich erzählen: Passende sprachliche Mittel verwenden;de_k5_st12_erzaehlen_sprachmittel;schueler/de_k5_st12_erzaehlen_sprachmittel_app.html;lehrer/de_k5_st12_erzaehlen_sprachmittel_orga.html;de_05_erzaehlen_012_sprachmittel.html
5;13;Schreiben;Erlebnisse anschaulich erzählen: Einen Schreibplan erstellen;de_k5_st13_erzaehlen_schreibplan;schueler/de_k5_st13_erzaehlen_schreibplan_app.html;lehrer/de_k5_st13_erzaehlen_schreibplan_orga.html;de_05_erzaehlen_013_schreibplan.html
5;14;Schreiben;Erlebnisse anschaulich erzählen: Einen ersten Textentwurf verfassen;de_k5_st14_erzaehlen_entwurf;schueler/de_k5_st14_erzaehlen_entwurf_app.html;lehrer/de_k5_st14_erzaehlen_entwurf_orga.html;de_05_erzaehlen_014_entwurf.html
5;15;Schreiben;Erlebnisse anschaulich erzählen: Text kriteriengeleitet überarbeiten;de_k5_st15_erzaehlen_ueberarbeiten;schueler/de_k5_st15_erzaehlen_ueberarbeiten_app.html;lehrer/de_k5_st15_erzaehlen_ueberarbeiten_orga.html;de_05_erzaehlen_015_ueberarbeiten.html
5;16;Sprechen und Zuhören;Erlebnisse anschaulich erzählen: Texte vorstellen und bewerten;de_k5_st16_erzaehlen_vorstellen;schueler/de_k5_st16_erzaehlen_vorstellen_app.html;lehrer/de_k5_st16_erzaehlen_vorstellen_orga.html;de_05_erzaehlen_016_vorstellen.html
5;89;Sprechen und Zuhören;Lesen, Vortragen und Medien nutzen: Vorwissen und Positionen klären;de_k5_st89_jahresprojekt_einstieg;schueler/de_k5_st89_jahresprojekt_einstieg_app.html;lehrer/de_k5_st89_jahresprojekt_einstieg_orga.html;de_05_jahresprojekt_089_einstieg.html
5;90;Lesen/Umgang mit Texten;Lesen, Vortragen und Medien nutzen: Quellen und Materialien erschließen;de_k5_st90_jahresprojekt_quellen;schueler/de_k5_st90_jahresprojekt_quellen_app.html;lehrer/de_k5_st90_jahresprojekt_quellen_orga.html;de_05_jahresprojekt_090_quellen.html
5;91;Lesen/Umgang mit Texten;Lesen, Vortragen und Medien nutzen: Qualitätskriterien anwenden;de_k5_st91_jahresprojekt_kriterien;schueler/de_k5_st91_jahresprojekt_kriterien_app.html;lehrer/de_k5_st91_jahresprojekt_kriterien_orga.html;de_05_jahresprojekt_091_kriterien.html
5;92;Lesen/Umgang mit Texten;Lesen, Vortragen und Medien nutzen: Darstellungen vergleichen;de_k5_st92_jahresprojekt_vergleichen;schueler/de_k5_st92_jahresprojekt_vergleichen_app.html;lehrer/de_k5_st92_jahresprojekt_vergleichen_orga.html;de_05_jahresprojekt_092_vergleichen.html
5;93;Schreiben;Lesen, Vortragen und Medien nutzen: Informationen prüfen und ordnen;de_k5_st93_jahresprojekt_recherche;schueler/de_k5_st93_jahresprojekt_recherche_app.html;lehrer/de_k5_st93_jahresprojekt_recherche_orga.html;de_05_jahresprojekt_093_recherche.html
5;94;Schreiben;Lesen, Vortragen und Medien nutzen: Produkt planen;de_k5_st94_jahresprojekt_planen;schueler/de_k5_st94_jahresprojekt_planen_app.html;lehrer/de_k5_st94_jahresprojekt_planen_orga.html;de_05_jahresprojekt_094_planen.html
5;95;Schreiben;Lesen, Vortragen und Medien nutzen: Produkt erstellen;de_k5_st95_jahresprojekt_erstellen;schueler/de_k5_st95_jahresprojekt_erstellen_app.html;lehrer/de_k5_st95_jahresprojekt_erstellen_orga.html;de_05_jahresprojekt_095_erstellen.html
5;96;Sprechen und Zuhören;Lesen, Vortragen und Medien nutzen: Präsentieren und reflektieren;de_k5_st96_jahresprojekt_reflexion;schueler/de_k5_st96_jahresprojekt_reflexion_app.html;lehrer/de_k5_st96_jahresprojekt_reflexion_orga.html;de_05_jahresprojekt_096_reflexion.html
5;65;Sprechen und Zuhören;Kinder- und Jugendbuch als Ganzschrift: Hör- oder Leseeinstieg gestalten;de_k5_st65_jugendbuch_einstieg;schueler/de_k5_st65_jugendbuch_einstieg_app.html;lehrer/de_k5_st65_jugendbuch_einstieg_orga.html;de_05_jugendbuch_065_einstieg.html
5;66;Lesen/Umgang mit Texten;Kinder- und Jugendbuch als Ganzschrift: Den Text mit Lesestrategien erschließen;de_k5_st66_jugendbuch_erschliessen;schueler/de_k5_st66_jugendbuch_erschliessen_app.html;lehrer/de_k5_st66_jugendbuch_erschliessen_orga.html;de_05_jugendbuch_066_erschliessen.html
5;67;Lesen/Umgang mit Texten;Kinder- und Jugendbuch als Ganzschrift: Gattungsmerkmale erkennen;de_k5_st67_jugendbuch_merkmale;schueler/de_k5_st67_jugendbuch_merkmale_app.html;lehrer/de_k5_st67_jugendbuch_merkmale_orga.html;de_05_jugendbuch_067_merkmale.html
5;68;Lesen/Umgang mit Texten;Kinder- und Jugendbuch als Ganzschrift: Figuren, Handlung und Konflikt untersuchen;de_k5_st68_jugendbuch_figuren_handlung;schueler/de_k5_st68_jugendbuch_figuren_handlung_app.html;lehrer/de_k5_st68_jugendbuch_figuren_handlung_orga.html;de_05_jugendbuch_068_figuren_handlung.html
5;69;Sprache untersuchen;Kinder- und Jugendbuch als Ganzschrift: Sprache und Wirkung untersuchen;de_k5_st69_jugendbuch_sprache_wirkung;schueler/de_k5_st69_jugendbuch_sprache_wirkung_app.html;lehrer/de_k5_st69_jugendbuch_sprache_wirkung_orga.html;de_05_jugendbuch_069_sprache_wirkung.html
5;70;Schreiben;Kinder- und Jugendbuch als Ganzschrift: Eine Deutung oder Perspektive vorbereiten;de_k5_st70_jugendbuch_deutung_planen;schueler/de_k5_st70_jugendbuch_deutung_planen_app.html;lehrer/de_k5_st70_jugendbuch_deutung_planen_orga.html;de_05_jugendbuch_070_deutung_planen.html
5;71;Schreiben;Kinder- und Jugendbuch als Ganzschrift: Lesetagebuch gestalten;de_k5_st71_jugendbuch_produkt;schueler/de_k5_st71_jugendbuch_produkt_app.html;lehrer/de_k5_st71_jugendbuch_produkt_orga.html;de_05_jugendbuch_071_produkt.html
5;72;Sprechen und Zuhören;Kinder- und Jugendbuch als Ganzschrift: Ergebnisse präsentieren und reflektieren;de_k5_st72_jugendbuch_praesentieren;schueler/de_k5_st72_jugendbuch_praesentieren_app.html;lehrer/de_k5_st72_jugendbuch_praesentieren_orga.html;de_05_jugendbuch_072_praesentieren.html
5;25;Sprechen und Zuhören;Märchen lesen und gestalten: Hör- oder Leseeinstieg gestalten;de_k5_st25_maerchen_einstieg;schueler/de_k5_st25_maerchen_einstieg_app.html;lehrer/de_k5_st25_maerchen_einstieg_orga.html;de_05_maerchen_025_einstieg.html
5;26;Lesen/Umgang mit Texten;Märchen lesen und gestalten: Den Text mit Lesestrategien erschließen;de_k5_st26_maerchen_erschliessen;schueler/de_k5_st26_maerchen_erschliessen_app.html;lehrer/de_k5_st26_maerchen_erschliessen_orga.html;de_05_maerchen_026_erschliessen.html
5;27;Lesen/Umgang mit Texten;Märchen lesen und gestalten: Gattungsmerkmale erkennen;de_k5_st27_maerchen_merkmale;schueler/de_k5_st27_maerchen_merkmale_app.html;lehrer/de_k5_st27_maerchen_merkmale_orga.html;de_05_maerchen_027_merkmale.html
5;28;Lesen/Umgang mit Texten;Märchen lesen und gestalten: Figuren, Handlung und Konflikt untersuchen;de_k5_st28_maerchen_figuren_handlung;schueler/de_k5_st28_maerchen_figuren_handlung_app.html;lehrer/de_k5_st28_maerchen_figuren_handlung_orga.html;de_05_maerchen_028_figuren_handlung.html
5;29;Sprache untersuchen;Märchen lesen und gestalten: Sprache und Wirkung untersuchen;de_k5_st29_maerchen_sprache_wirkung;schueler/de_k5_st29_maerchen_sprache_wirkung_app.html;lehrer/de_k5_st29_maerchen_sprache_wirkung_orga.html;de_05_maerchen_029_sprache_wirkung.html
5;30;Schreiben;Märchen lesen und gestalten: Eine Deutung oder Perspektive vorbereiten;de_k5_st30_maerchen_deutung_planen;schueler/de_k5_st30_maerchen_deutung_planen_app.html;lehrer/de_k5_st30_maerchen_deutung_planen_orga.html;de_05_maerchen_030_deutung_planen.html
5;31;Schreiben;Märchen lesen und gestalten: Eigenes Märchen gestalten;de_k5_st31_maerchen_produkt;schueler/de_k5_st31_maerchen_produkt_app.html;lehrer/de_k5_st31_maerchen_produkt_orga.html;de_05_maerchen_031_produkt.html
5;32;Sprechen und Zuhören;Märchen lesen und gestalten: Ergebnisse präsentieren und reflektieren;de_k5_st32_maerchen_praesentieren;schueler/de_k5_st32_maerchen_praesentieren_app.html;lehrer/de_k5_st32_maerchen_praesentieren_orga.html;de_05_maerchen_032_praesentieren.html
5;57;Sprechen und Zuhören;Naturgedichte entdecken: Hör- oder Leseeinstieg gestalten;de_k5_st57_naturlyrik_einstieg;schueler/de_k5_st57_naturlyrik_einstieg_app.html;lehrer/de_k5_st57_naturlyrik_einstieg_orga.html;de_05_naturlyrik_057_einstieg.html
5;58;Lesen/Umgang mit Texten;Naturgedichte entdecken: Den Text mit Lesestrategien erschließen;de_k5_st58_naturlyrik_erschliessen;schueler/de_k5_st58_naturlyrik_erschliessen_app.html;lehrer/de_k5_st58_naturlyrik_erschliessen_orga.html;de_05_naturlyrik_058_erschliessen.html
5;59;Lesen/Umgang mit Texten;Naturgedichte entdecken: Gattungsmerkmale erkennen;de_k5_st59_naturlyrik_merkmale;schueler/de_k5_st59_naturlyrik_merkmale_app.html;lehrer/de_k5_st59_naturlyrik_merkmale_orga.html;de_05_naturlyrik_059_merkmale.html
5;60;Lesen/Umgang mit Texten;Naturgedichte entdecken: Figuren, Handlung und Konflikt untersuchen;de_k5_st60_naturlyrik_figuren_handlung;schueler/de_k5_st60_naturlyrik_figuren_handlung_app.html;lehrer/de_k5_st60_naturlyrik_figuren_handlung_orga.html;de_05_naturlyrik_060_figuren_handlung.html
5;61;Sprache untersuchen;Naturgedichte entdecken: Sprache und Wirkung untersuchen;de_k5_st61_naturlyrik_sprache_wirkung;schueler/de_k5_st61_naturlyrik_sprache_wirkung_app.html;lehrer/de_k5_st61_naturlyrik_sprache_wirkung_orga.html;de_05_naturlyrik_061_sprache_wirkung.html
5;62;Schreiben;Naturgedichte entdecken: Eine Deutung oder Perspektive vorbereiten;de_k5_st62_naturlyrik_deutung_planen;schueler/de_k5_st62_naturlyrik_deutung_planen_app.html;lehrer/de_k5_st62_naturlyrik_deutung_planen_orga.html;de_05_naturlyrik_062_deutung_planen.html
5;63;Schreiben;Naturgedichte entdecken: Gedichtvortrag und eigenes Gedicht gestalten;de_k5_st63_naturlyrik_produkt;schueler/de_k5_st63_naturlyrik_produkt_app.html;lehrer/de_k5_st63_naturlyrik_produkt_orga.html;de_05_naturlyrik_063_produkt.html
5;64;Sprechen und Zuhören;Naturgedichte entdecken: Ergebnisse präsentieren und reflektieren;de_k5_st64_naturlyrik_praesentieren;schueler/de_k5_st64_naturlyrik_praesentieren_app.html;lehrer/de_k5_st64_naturlyrik_praesentieren_orga.html;de_05_naturlyrik_064_praesentieren.html
5;33;Sprache untersuchen;Rechtschreibstrategien anwenden: Lernstand feststellen;de_k5_st33_rechtschreibung_diagnose;schueler/de_k5_st33_rechtschreibung_diagnose_app.html;lehrer/de_k5_st33_rechtschreibung_diagnose_orga.html;de_05_rechtschreibung_033_diagnose.html
5;34;Sprache untersuchen;Rechtschreibstrategien anwenden: Grundbegriffe sichern;de_k5_st34_rechtschreibung_grundbegriffe;schueler/de_k5_st34_rechtschreibung_grundbegriffe_app.html;lehrer/de_k5_st34_rechtschreibung_grundbegriffe_orga.html;de_05_rechtschreibung_034_grundbegriffe.html
5;35;Sprache untersuchen;Rechtschreibstrategien anwenden: Verfahren anwenden;de_k5_st35_rechtschreibung_verfahren;schueler/de_k5_st35_rechtschreibung_verfahren_app.html;lehrer/de_k5_st35_rechtschreibung_verfahren_orga.html;de_05_rechtschreibung_035_verfahren.html
5;36;Sprache untersuchen;Rechtschreibstrategien anwenden: Formen und Funktionen untersuchen;de_k5_st36_rechtschreibung_funktion;schueler/de_k5_st36_rechtschreibung_funktion_app.html;lehrer/de_k5_st36_rechtschreibung_funktion_orga.html;de_05_rechtschreibung_036_funktion.html
5;37;Schreiben;Rechtschreibstrategien anwenden: Wissen im eigenen Text nutzen;de_k5_st37_rechtschreibung_anwenden;schueler/de_k5_st37_rechtschreibung_anwenden_app.html;lehrer/de_k5_st37_rechtschreibung_anwenden_orga.html;de_05_rechtschreibung_037_anwenden.html
5;38;Sprache untersuchen;Rechtschreibstrategien anwenden: Fehler finden und korrigieren;de_k5_st38_rechtschreibung_fehler;schueler/de_k5_st38_rechtschreibung_fehler_app.html;lehrer/de_k5_st38_rechtschreibung_fehler_orga.html;de_05_rechtschreibung_038_fehler.html
5;39;Sprache untersuchen;Rechtschreibstrategien anwenden: Transfer auf unbekannte Beispiele;de_k5_st39_rechtschreibung_transfer;schueler/de_k5_st39_rechtschreibung_transfer_app.html;lehrer/de_k5_st39_rechtschreibung_transfer_orga.html;de_05_rechtschreibung_039_transfer.html
5;40;Schreiben;Rechtschreibstrategien anwenden: Lernprodukt und Kompetenzcheck;de_k5_st40_rechtschreibung_kompetenzcheck;schueler/de_k5_st40_rechtschreibung_kompetenzcheck_app.html;lehrer/de_k5_st40_rechtschreibung_kompetenzcheck_orga.html;de_05_rechtschreibung_040_kompetenzcheck.html
5;73;Sprechen und Zuhören;Sachtexte und Schaubilder erschließen: Vorwissen und Positionen klären;de_k5_st73_sachtexte_einstieg;schueler/de_k5_st73_sachtexte_einstieg_app.html;lehrer/de_k5_st73_sachtexte_einstieg_orga.html;de_05_sachtexte_073_einstieg.html
5;74;Lesen/Umgang mit Texten;Sachtexte und Schaubilder erschließen: Quellen und Materialien erschließen;de_k5_st74_sachtexte_quellen;schueler/de_k5_st74_sachtexte_quellen_app.html;lehrer/de_k5_st74_sachtexte_quellen_orga.html;de_05_sachtexte_074_quellen.html
5;75;Lesen/Umgang mit Texten;Sachtexte und Schaubilder erschließen: Qualitätskriterien anwenden;de_k5_st75_sachtexte_kriterien;schueler/de_k5_st75_sachtexte_kriterien_app.html;lehrer/de_k5_st75_sachtexte_kriterien_orga.html;de_05_sachtexte_075_kriterien.html
5;76;Lesen/Umgang mit Texten;Sachtexte und Schaubilder erschließen: Darstellungen vergleichen;de_k5_st76_sachtexte_vergleichen;schueler/de_k5_st76_sachtexte_vergleichen_app.html;lehrer/de_k5_st76_sachtexte_vergleichen_orga.html;de_05_sachtexte_076_vergleichen.html
5;77;Schreiben;Sachtexte und Schaubilder erschließen: Informationen prüfen und ordnen;de_k5_st77_sachtexte_recherche;schueler/de_k5_st77_sachtexte_recherche_app.html;lehrer/de_k5_st77_sachtexte_recherche_orga.html;de_05_sachtexte_077_recherche.html
5;78;Schreiben;Sachtexte und Schaubilder erschließen: Produkt planen;de_k5_st78_sachtexte_planen;schueler/de_k5_st78_sachtexte_planen_app.html;lehrer/de_k5_st78_sachtexte_planen_orga.html;de_05_sachtexte_078_planen.html
5;79;Schreiben;Sachtexte und Schaubilder erschließen: Produkt erstellen;de_k5_st79_sachtexte_erstellen;schueler/de_k5_st79_sachtexte_erstellen_app.html;lehrer/de_k5_st79_sachtexte_erstellen_orga.html;de_05_sachtexte_079_erstellen.html
5;80;Sprechen und Zuhören;Sachtexte und Schaubilder erschließen: Präsentieren und reflektieren;de_k5_st80_sachtexte_reflexion;schueler/de_k5_st80_sachtexte_reflexion_app.html;lehrer/de_k5_st80_sachtexte_reflexion_orga.html;de_05_sachtexte_080_reflexion.html
5;41;Sprechen und Zuhören;Sagen aus Thüringen und der Antike: Hör- oder Leseeinstieg gestalten;de_k5_st41_sagen_einstieg;schueler/de_k5_st41_sagen_einstieg_app.html;lehrer/de_k5_st41_sagen_einstieg_orga.html;de_05_sagen_041_einstieg.html
5;42;Lesen/Umgang mit Texten;Sagen aus Thüringen und der Antike: Den Text mit Lesestrategien erschließen;de_k5_st42_sagen_erschliessen;schueler/de_k5_st42_sagen_erschliessen_app.html;lehrer/de_k5_st42_sagen_erschliessen_orga.html;de_05_sagen_042_erschliessen.html
5;43;Lesen/Umgang mit Texten;Sagen aus Thüringen und der Antike: Gattungsmerkmale erkennen;de_k5_st43_sagen_merkmale;schueler/de_k5_st43_sagen_merkmale_app.html;lehrer/de_k5_st43_sagen_merkmale_orga.html;de_05_sagen_043_merkmale.html
5;44;Lesen/Umgang mit Texten;Sagen aus Thüringen und der Antike: Figuren, Handlung und Konflikt untersuchen;de_k5_st44_sagen_figuren_handlung;schueler/de_k5_st44_sagen_figuren_handlung_app.html;lehrer/de_k5_st44_sagen_figuren_handlung_orga.html;de_05_sagen_044_figuren_handlung.html
5;45;Sprache untersuchen;Sagen aus Thüringen und der Antike: Sprache und Wirkung untersuchen;de_k5_st45_sagen_sprache_wirkung;schueler/de_k5_st45_sagen_sprache_wirkung_app.html;lehrer/de_k5_st45_sagen_sprache_wirkung_orga.html;de_05_sagen_045_sprache_wirkung.html
5;46;Schreiben;Sagen aus Thüringen und der Antike: Eine Deutung oder Perspektive vorbereiten;de_k5_st46_sagen_deutung_planen;schueler/de_k5_st46_sagen_deutung_planen_app.html;lehrer/de_k5_st46_sagen_deutung_planen_orga.html;de_05_sagen_046_deutung_planen.html
5;47;Schreiben;Sagen aus Thüringen und der Antike: Sagenkarte oder Nacherzählung gestalten;de_k5_st47_sagen_produkt;schueler/de_k5_st47_sagen_produkt_app.html;lehrer/de_k5_st47_sagen_produkt_orga.html;de_05_sagen_047_produkt.html
5;48;Sprechen und Zuhören;Sagen aus Thüringen und der Antike: Ergebnisse präsentieren und reflektieren;de_k5_st48_sagen_praesentieren;schueler/de_k5_st48_sagen_praesentieren_app.html;lehrer/de_k5_st48_sagen_praesentieren_orga.html;de_05_sagen_048_praesentieren.html
5;17;Sprache untersuchen;Wortarten als Bausteine des Satzes: Lernstand feststellen;de_k5_st17_wortarten_diagnose;schueler/de_k5_st17_wortarten_diagnose_app.html;lehrer/de_k5_st17_wortarten_diagnose_orga.html;de_05_wortarten_017_diagnose.html
5;18;Sprache untersuchen;Wortarten als Bausteine des Satzes: Grundbegriffe sichern;de_k5_st18_wortarten_grundbegriffe;schueler/de_k5_st18_wortarten_grundbegriffe_app.html;lehrer/de_k5_st18_wortarten_grundbegriffe_orga.html;de_05_wortarten_018_grundbegriffe.html
5;19;Sprache untersuchen;Wortarten als Bausteine des Satzes: Verfahren anwenden;de_k5_st19_wortarten_verfahren;schueler/de_k5_st19_wortarten_verfahren_app.html;lehrer/de_k5_st19_wortarten_verfahren_orga.html;de_05_wortarten_019_verfahren.html
5;20;Sprache untersuchen;Wortarten als Bausteine des Satzes: Formen und Funktionen untersuchen;de_k5_st20_wortarten_funktion;schueler/de_k5_st20_wortarten_funktion_app.html;lehrer/de_k5_st20_wortarten_funktion_orga.html;de_05_wortarten_020_funktion.html
5;21;Schreiben;Wortarten als Bausteine des Satzes: Wissen im eigenen Text nutzen;de_k5_st21_wortarten_anwenden;schueler/de_k5_st21_wortarten_anwenden_app.html;lehrer/de_k5_st21_wortarten_anwenden_orga.html;de_05_wortarten_021_anwenden.html
5;22;Sprache untersuchen;Wortarten als Bausteine des Satzes: Fehler finden und korrigieren;de_k5_st22_wortarten_fehler;schueler/de_k5_st22_wortarten_fehler_app.html;lehrer/de_k5_st22_wortarten_fehler_orga.html;de_05_wortarten_022_fehler.html
5;23;Sprache untersuchen;Wortarten als Bausteine des Satzes: Transfer auf unbekannte Beispiele;de_k5_st23_wortarten_transfer;schueler/de_k5_st23_wortarten_transfer_app.html;lehrer/de_k5_st23_wortarten_transfer_orga.html;de_05_wortarten_023_transfer.html
5;24;Schreiben;Wortarten als Bausteine des Satzes: Lernprodukt und Kompetenzcheck;de_k5_st24_wortarten_kompetenzcheck;schueler/de_k5_st24_wortarten_kompetenzcheck_app.html;lehrer/de_k5_st24_wortarten_kompetenzcheck_orga.html;de_05_wortarten_024_kompetenzcheck.html
6;17;Lesen/Umgang mit Texten;Sachlich berichten: Beispieltexte untersuchen;de_k6_st17_bericht_beispiel;schueler/de_k6_st17_bericht_beispiel_app.html;lehrer/de_k6_st17_bericht_beispiel_orga.html;de_06_bericht_017_beispiel.html
6;18;Schreiben;Sachlich berichten: Schreibziel und Kriterien klären;de_k6_st18_bericht_kriterien;schueler/de_k6_st18_bericht_kriterien_app.html;lehrer/de_k6_st18_bericht_kriterien_orga.html;de_06_bericht_018_kriterien.html
6;19;Lesen/Umgang mit Texten;Sachlich berichten: Inhalte auswählen und ordnen;de_k6_st19_bericht_inhalte_ordnen;schueler/de_k6_st19_bericht_inhalte_ordnen_app.html;lehrer/de_k6_st19_bericht_inhalte_ordnen_orga.html;de_06_bericht_019_inhalte_ordnen.html
6;20;Sprache untersuchen;Sachlich berichten: Passende sprachliche Mittel verwenden;de_k6_st20_bericht_sprachmittel;schueler/de_k6_st20_bericht_sprachmittel_app.html;lehrer/de_k6_st20_bericht_sprachmittel_orga.html;de_06_bericht_020_sprachmittel.html
6;21;Schreiben;Sachlich berichten: Einen Schreibplan erstellen;de_k6_st21_bericht_schreibplan;schueler/de_k6_st21_bericht_schreibplan_app.html;lehrer/de_k6_st21_bericht_schreibplan_orga.html;de_06_bericht_021_schreibplan.html
6;22;Schreiben;Sachlich berichten: Einen ersten Textentwurf verfassen;de_k6_st22_bericht_entwurf;schueler/de_k6_st22_bericht_entwurf_app.html;lehrer/de_k6_st22_bericht_entwurf_orga.html;de_06_bericht_022_entwurf.html
6;23;Schreiben;Sachlich berichten: Text kriteriengeleitet überarbeiten;de_k6_st23_bericht_ueberarbeiten;schueler/de_k6_st23_bericht_ueberarbeiten_app.html;lehrer/de_k6_st23_bericht_ueberarbeiten_orga.html;de_06_bericht_023_ueberarbeiten.html
6;24;Sprechen und Zuhören;Sachlich berichten: Texte vorstellen und bewerten;de_k6_st24_bericht_vorstellen;schueler/de_k6_st24_bericht_vorstellen_app.html;lehrer/de_k6_st24_bericht_vorstellen_orga.html;de_06_bericht_024_vorstellen.html
6;9;Sprechen und Zuhören;Fabeln verstehen und schreiben: Hör- oder Leseeinstieg gestalten;de_k6_st09_fabeln_einstieg;schueler/de_k6_st09_fabeln_einstieg_app.html;lehrer/de_k6_st09_fabeln_einstieg_orga.html;de_06_fabeln_009_einstieg.html
6;10;Lesen/Umgang mit Texten;Fabeln verstehen und schreiben: Den Text mit Lesestrategien erschließen;de_k6_st10_fabeln_erschliessen;schueler/de_k6_st10_fabeln_erschliessen_app.html;lehrer/de_k6_st10_fabeln_erschliessen_orga.html;de_06_fabeln_010_erschliessen.html
6;11;Lesen/Umgang mit Texten;Fabeln verstehen und schreiben: Gattungsmerkmale erkennen;de_k6_st11_fabeln_merkmale;schueler/de_k6_st11_fabeln_merkmale_app.html;lehrer/de_k6_st11_fabeln_merkmale_orga.html;de_06_fabeln_011_merkmale.html
6;12;Lesen/Umgang mit Texten;Fabeln verstehen und schreiben: Figuren, Handlung und Konflikt untersuchen;de_k6_st12_fabeln_figuren_handlung;schueler/de_k6_st12_fabeln_figuren_handlung_app.html;lehrer/de_k6_st12_fabeln_figuren_handlung_orga.html;de_06_fabeln_012_figuren_handlung.html
6;13;Sprache untersuchen;Fabeln verstehen und schreiben: Sprache und Wirkung untersuchen;de_k6_st13_fabeln_sprache_wirkung;schueler/de_k6_st13_fabeln_sprache_wirkung_app.html;lehrer/de_k6_st13_fabeln_sprache_wirkung_orga.html;de_06_fabeln_013_sprache_wirkung.html
6;14;Schreiben;Fabeln verstehen und schreiben: Eine Deutung oder Perspektive vorbereiten;de_k6_st14_fabeln_deutung_planen;schueler/de_k6_st14_fabeln_deutung_planen_app.html;lehrer/de_k6_st14_fabeln_deutung_planen_orga.html;de_06_fabeln_014_deutung_planen.html
6;15;Schreiben;Fabeln verstehen und schreiben: Eigene Fabel gestalten;de_k6_st15_fabeln_produkt;schueler/de_k6_st15_fabeln_produkt_app.html;lehrer/de_k6_st15_fabeln_produkt_orga.html;de_06_fabeln_015_produkt.html
6;16;Sprechen und Zuhören;Fabeln verstehen und schreiben: Ergebnisse präsentieren und reflektieren;de_k6_st16_fabeln_praesentieren;schueler/de_k6_st16_fabeln_praesentieren_app.html;lehrer/de_k6_st16_fabeln_praesentieren_orga.html;de_06_fabeln_016_praesentieren.html
6;57;Sprechen und Zuhören;Gedichte, Moritaten und Balladenvorstufen: Hör- oder Leseeinstieg gestalten;de_k6_st57_gedichte_einstieg;schueler/de_k6_st57_gedichte_einstieg_app.html;lehrer/de_k6_st57_gedichte_einstieg_orga.html;de_06_gedichte_057_einstieg.html
6;58;Lesen/Umgang mit Texten;Gedichte, Moritaten und Balladenvorstufen: Den Text mit Lesestrategien erschließen;de_k6_st58_gedichte_erschliessen;schueler/de_k6_st58_gedichte_erschliessen_app.html;lehrer/de_k6_st58_gedichte_erschliessen_orga.html;de_06_gedichte_058_erschliessen.html
6;59;Lesen/Umgang mit Texten;Gedichte, Moritaten und Balladenvorstufen: Gattungsmerkmale erkennen;de_k6_st59_gedichte_merkmale;schueler/de_k6_st59_gedichte_merkmale_app.html;lehrer/de_k6_st59_gedichte_merkmale_orga.html;de_06_gedichte_059_merkmale.html
6;60;Lesen/Umgang mit Texten;Gedichte, Moritaten und Balladenvorstufen: Figuren, Handlung und Konflikt untersuchen;de_k6_st60_gedichte_figuren_handlung;schueler/de_k6_st60_gedichte_figuren_handlung_app.html;lehrer/de_k6_st60_gedichte_figuren_handlung_orga.html;de_06_gedichte_060_figuren_handlung.html
6;61;Sprache untersuchen;Gedichte, Moritaten und Balladenvorstufen: Sprache und Wirkung untersuchen;de_k6_st61_gedichte_sprache_wirkung;schueler/de_k6_st61_gedichte_sprache_wirkung_app.html;lehrer/de_k6_st61_gedichte_sprache_wirkung_orga.html;de_06_gedichte_061_sprache_wirkung.html
6;62;Schreiben;Gedichte, Moritaten und Balladenvorstufen: Eine Deutung oder Perspektive vorbereiten;de_k6_st62_gedichte_deutung_planen;schueler/de_k6_st62_gedichte_deutung_planen_app.html;lehrer/de_k6_st62_gedichte_deutung_planen_orga.html;de_06_gedichte_062_deutung_planen.html
6;63;Schreiben;Gedichte, Moritaten und Balladenvorstufen: Vortrag oder Hörfassung gestalten;de_k6_st63_gedichte_produkt;schueler/de_k6_st63_gedichte_produkt_app.html;lehrer/de_k6_st63_gedichte_produkt_orga.html;de_06_gedichte_063_produkt.html
6;64;Sprechen und Zuhören;Gedichte, Moritaten und Balladenvorstufen: Ergebnisse präsentieren und reflektieren;de_k6_st64_gedichte_praesentieren;schueler/de_k6_st64_gedichte_praesentieren_app.html;lehrer/de_k6_st64_gedichte_praesentieren_orga.html;de_06_gedichte_064_praesentieren.html
6;33;Sprechen und Zuhören;Jugendroman: Konflikte und Entscheidungen: Hör- oder Leseeinstieg gestalten;de_k6_st33_jugendroman_einstieg;schueler/de_k6_st33_jugendroman_einstieg_app.html;lehrer/de_k6_st33_jugendroman_einstieg_orga.html;de_06_jugendroman_033_einstieg.html
6;34;Lesen/Umgang mit Texten;Jugendroman: Konflikte und Entscheidungen: den Text mit Lesestrategien erschließen;de_k6_st34_jugendroman_erschliessen;schueler/de_k6_st34_jugendroman_erschliessen_app.html;lehrer/de_k6_st34_jugendroman_erschliessen_orga.html;de_06_jugendroman_034_erschliessen.html
6;35;Lesen/Umgang mit Texten;Jugendroman: Konflikte und Entscheidungen: Gattungsmerkmale erkennen;de_k6_st35_jugendroman_merkmale;schueler/de_k6_st35_jugendroman_merkmale_app.html;lehrer/de_k6_st35_jugendroman_merkmale_orga.html;de_06_jugendroman_035_merkmale.html
6;36;Lesen/Umgang mit Texten;Jugendroman: Konflikte und Entscheidungen: Figuren, Handlung und Konflikt untersuchen;de_k6_st36_jugendroman_figuren_handlung;schueler/de_k6_st36_jugendroman_figuren_handlung_app.html;lehrer/de_k6_st36_jugendroman_figuren_handlung_orga.html;de_06_jugendroman_036_figuren_handlung.html
6;37;Sprache untersuchen;Jugendroman: Konflikte und Entscheidungen: Sprache und Wirkung untersuchen;de_k6_st37_jugendroman_sprache_wirkung;schueler/de_k6_st37_jugendroman_sprache_wirkung_app.html;lehrer/de_k6_st37_jugendroman_sprache_wirkung_orga.html;de_06_jugendroman_037_sprache_wirkung.html
6;38;Schreiben;Jugendroman: Konflikte und Entscheidungen: eine Deutung oder Perspektive vorbereiten;de_k6_st38_jugendroman_deutung_planen;schueler/de_k6_st38_jugendroman_deutung_planen_app.html;lehrer/de_k6_st38_jugendroman_deutung_planen_orga.html;de_06_jugendroman_038_deutung_planen.html
6;39;Schreiben;Jugendroman: Konflikte und Entscheidungen: Lesetagebuch und Figurengespräch gestalten;de_k6_st39_jugendroman_produkt;schueler/de_k6_st39_jugendroman_produkt_app.html;lehrer/de_k6_st39_jugendroman_produkt_orga.html;de_06_jugendroman_039_produkt.html
6;40;Sprechen und Zuhören;Jugendroman: Konflikte und Entscheidungen: Ergebnisse präsentieren und reflektieren;de_k6_st40_jugendroman_praesentieren;schueler/de_k6_st40_jugendroman_praesentieren_app.html;lehrer/de_k6_st40_jugendroman_praesentieren_orga.html;de_06_jugendroman_040_praesentieren.html
6;1;Sprechen und Zuhören;Lesestrategien und Lernorganisation: Vorwissen und Positionen klären;de_k6_st01_lesestrategien_einstieg;schueler/de_k6_st01_lesestrategien_einstieg_app.html;lehrer/de_k6_st01_lesestrategien_einstieg_orga.html;de_06_lesestrategien_001_einstieg.html
6;2;Lesen/Umgang mit Texten;Lesestrategien und Lernorganisation: Quellen und Materialien erschließen;de_k6_st02_lesestrategien_quellen;schueler/de_k6_st02_lesestrategien_quellen_app.html;lehrer/de_k6_st02_lesestrategien_quellen_orga.html;de_06_lesestrategien_002_quellen.html
6;3;Lesen/Umgang mit Texten;Lesestrategien und Lernorganisation: Qualitätskriterien anwenden;de_k6_st03_lesestrategien_kriterien;schueler/de_k6_st03_lesestrategien_kriterien_app.html;lehrer/de_k6_st03_lesestrategien_kriterien_orga.html;de_06_lesestrategien_003_kriterien.html
6;4;Lesen/Umgang mit Texten;Lesestrategien und Lernorganisation: Darstellungen vergleichen;de_k6_st04_lesestrategien_vergleichen;schueler/de_k6_st04_lesestrategien_vergleichen_app.html;lehrer/de_k6_st04_lesestrategien_vergleichen_orga.html;de_06_lesestrategien_004_vergleichen.html
6;5;Schreiben;Lesestrategien und Lernorganisation: Informationen prüfen und ordnen;de_k6_st05_lesestrategien_recherche;schueler/de_k6_st05_lesestrategien_recherche_app.html;lehrer/de_k6_st05_lesestrategien_recherche_orga.html;de_06_lesestrategien_005_recherche.html
6;6;Schreiben;Lesestrategien und Lernorganisation: Produkt planen;de_k6_st06_lesestrategien_planen;schueler/de_k6_st06_lesestrategien_planen_app.html;lehrer/de_k6_st06_lesestrategien_planen_orga.html;de_06_lesestrategien_006_planen.html
6;7;Schreiben;Lesestrategien und Lernorganisation: Produkt erstellen;de_k6_st07_lesestrategien_erstellen;schueler/de_k6_st07_lesestrategien_erstellen_app.html;lehrer/de_k6_st07_lesestrategien_erstellen_orga.html;de_06_lesestrategien_007_erstellen.html
6;8;Sprechen und Zuhören;Lesestrategien und Lernorganisation: Präsentieren und reflektieren;de_k6_st08_lesestrategien_reflexion;schueler/de_k6_st08_lesestrategien_reflexion_app.html;lehrer/de_k6_st08_lesestrategien_reflexion_orga.html;de_06_lesestrategien_008_reflexion.html
6;73;Sprechen und Zuhören;Recherchieren und einen Kurzvortrag halten: Vorwissen und Positionen klären;de_k6_st73_referat_einstieg;schueler/de_k6_st73_referat_einstieg_app.html;lehrer/de_k6_st73_referat_einstieg_orga.html;de_06_referat_073_einstieg.html
6;74;Lesen/Umgang mit Texten;Recherchieren und einen Kurzvortrag halten: Quellen und Materialien erschließen;de_k6_st74_referat_quellen;schueler/de_k6_st74_referat_quellen_app.html;lehrer/de_k6_st74_referat_quellen_orga.html;de_06_referat_074_quellen.html
6;75;Lesen/Umgang mit Texten;Recherchieren und einen Kurzvortrag halten: Qualitätskriterien anwenden;de_k6_st75_referat_kriterien;schueler/de_k6_st75_referat_kriterien_app.html;lehrer/de_k6_st75_referat_kriterien_orga.html;de_06_referat_075_kriterien.html
6;76;Lesen/Umgang mit Texten;Recherchieren und einen Kurzvortrag halten: Darstellungen vergleichen;de_k6_st76_referat_vergleichen;schueler/de_k6_st76_referat_vergleichen_app.html;lehrer/de_k6_st76_referat_vergleichen_orga.html;de_06_referat_076_vergleichen.html
6;77;Schreiben;Recherchieren und einen Kurzvortrag halten: Informationen prüfen und ordnen;de_k6_st77_referat_recherche;schueler/de_k6_st77_referat_recherche_app.html;lehrer/de_k6_st77_referat_recherche_orga.html;de_06_referat_077_recherche.html
6;78;Schreiben;Recherchieren und einen Kurzvortrag halten: Produkt planen;de_k6_st78_referat_planen;schueler/de_k6_st78_referat_planen_app.html;lehrer/de_k6_st78_referat_planen_orga.html;de_06_referat_078_planen.html
6;79;Schreiben;Recherchieren und einen Kurzvortrag halten: Produkt erstellen;de_k6_st79_referat_erstellen;schueler/de_k6_st79_referat_erstellen_app.html;lehrer/de_k6_st79_referat_erstellen_orga.html;de_06_referat_079_erstellen.html
6;80;Sprechen und Zuhören;Recherchieren und einen Kurzvortrag halten: Präsentieren und reflektieren;de_k6_st80_referat_reflexion;schueler/de_k6_st80_referat_reflexion_app.html;lehrer/de_k6_st80_referat_reflexion_orga.html;de_06_referat_080_reflexion.html
6;25;Sprache untersuchen;Satzglieder und Zeitformen sichern: Lernstand feststellen;de_k6_st25_satzglieder_diagnose;schueler/de_k6_st25_satzglieder_diagnose_app.html;lehrer/de_k6_st25_satzglieder_diagnose_orga.html;de_06_satzglieder_025_diagnose.html
6;26;Sprache untersuchen;Satzglieder und Zeitformen sichern: Grundbegriffe sichern;de_k6_st26_satzglieder_grundbegriffe;schueler/de_k6_st26_satzglieder_grundbegriffe_app.html;lehrer/de_k6_st26_satzglieder_grundbegriffe_orga.html;de_06_satzglieder_026_grundbegriffe.html
6;27;Sprache untersuchen;Satzglieder und Zeitformen sichern: Verfahren anwenden;de_k6_st27_satzglieder_verfahren;schueler/de_k6_st27_satzglieder_verfahren_app.html;lehrer/de_k6_st27_satzglieder_verfahren_orga.html;de_06_satzglieder_027_verfahren.html
6;28;Sprache untersuchen;Satzglieder und Zeitformen sichern: Formen und Funktionen untersuchen;de_k6_st28_satzglieder_funktion;schueler/de_k6_st28_satzglieder_funktion_app.html;lehrer/de_k6_st28_satzglieder_funktion_orga.html;de_06_satzglieder_028_funktion.html
6;29;Schreiben;Satzglieder und Zeitformen sichern: Wissen im eigenen Text nutzen;de_k6_st29_satzglieder_anwenden;schueler/de_k6_st29_satzglieder_anwenden_app.html;lehrer/de_k6_st29_satzglieder_anwenden_orga.html;de_06_satzglieder_029_anwenden.html
6;30;Sprache untersuchen;Satzglieder und Zeitformen sichern: Fehler finden und korrigieren;de_k6_st30_satzglieder_fehler;schueler/de_k6_st30_satzglieder_fehler_app.html;lehrer/de_k6_st30_satzglieder_fehler_orga.html;de_06_satzglieder_030_fehler.html
6;31;Sprache untersuchen;Satzglieder und Zeitformen sichern: Transfer auf unbekannte Beispiele;de_k6_st31_satzglieder_transfer;schueler/de_k6_st31_satzglieder_transfer_app.html;lehrer/de_k6_st31_satzglieder_transfer_orga.html;de_06_satzglieder_031_transfer.html
6;32;Schreiben;Satzglieder und Zeitformen sichern: Lernprodukt und Kompetenzcheck;de_k6_st32_satzglieder_kompetenzcheck;schueler/de_k6_st32_satzglieder_kompetenzcheck_app.html;lehrer/de_k6_st32_satzglieder_kompetenzcheck_orga.html;de_06_satzglieder_032_kompetenzcheck.html
6;41;Sprechen und Zuhören;Schwänke, Sagen und komische Geschichten: Hör- oder Leseeinstieg gestalten;de_k6_st41_schwaenke_einstieg;schueler/de_k6_st41_schwaenke_einstieg_app.html;lehrer/de_k6_st41_schwaenke_einstieg_orga.html;de_06_schwaenke_041_einstieg.html
6;42;Lesen/Umgang mit Texten;Schwänke, Sagen und komische Geschichten: Den Text mit Lesestrategien erschließen;de_k6_st42_schwaenke_erschliessen;schueler/de_k6_st42_schwaenke_erschliessen_app.html;lehrer/de_k6_st42_schwaenke_erschliessen_orga.html;de_06_schwaenke_042_erschliessen.html
6;43;Lesen/Umgang mit Texten;Schwänke, Sagen und komische Geschichten: Gattungsmerkmale erkennen;de_k6_st43_schwaenke_merkmale;schueler/de_k6_st43_schwaenke_merkmale_app.html;lehrer/de_k6_st43_schwaenke_merkmale_orga.html;de_06_schwaenke_043_merkmale.html
6;44;Lesen/Umgang mit Texten;Schwänke, Sagen und komische Geschichten: Figuren, Handlung und Konflikt untersuchen;de_k6_st44_schwaenke_figuren_handlung;schueler/de_k6_st44_schwaenke_figuren_handlung_app.html;lehrer/de_k6_st44_schwaenke_figuren_handlung_orga.html;de_06_schwaenke_044_figuren_handlung.html
6;45;Sprache untersuchen;Schwänke, Sagen und komische Geschichten: Sprache und Wirkung untersuchen;de_k6_st45_schwaenke_sprache_wirkung;schueler/de_k6_st45_schwaenke_sprache_wirkung_app.html;lehrer/de_k6_st45_schwaenke_sprache_wirkung_orga.html;de_06_schwaenke_045_sprache_wirkung.html
6;46;Schreiben;Schwänke, Sagen und komische Geschichten: Eine Deutung oder Perspektive vorbereiten;de_k6_st46_schwaenke_deutung_planen;schueler/de_k6_st46_schwaenke_deutung_planen_app.html;lehrer/de_k6_st46_schwaenke_deutung_planen_orga.html;de_06_schwaenke_046_deutung_planen.html
6;47;Schreiben;Schwänke, Sagen und komische Geschichten: Szenische Umsetzung gestalten;de_k6_st47_schwaenke_produkt;schueler/de_k6_st47_schwaenke_produkt_app.html;lehrer/de_k6_st47_schwaenke_produkt_orga.html;de_06_schwaenke_047_produkt.html
6;48;Sprechen und Zuhören;Schwänke, Sagen und komische Geschichten: Ergebnisse präsentieren und reflektieren;de_k6_st48_schwaenke_praesentieren;schueler/de_k6_st48_schwaenke_praesentieren_app.html;lehrer/de_k6_st48_schwaenke_praesentieren_orga.html;de_06_schwaenke_048_praesentieren.html
6;81;Lesen/Umgang mit Texten;Stellung nehmen und werben: Beispieltexte untersuchen;de_k6_st81_stellungnahme_beispiel;schueler/de_k6_st81_stellungnahme_beispiel_app.html;lehrer/de_k6_st81_stellungnahme_beispiel_orga.html;de_06_stellungnahme_081_beispiel.html
6;82;Schreiben;Stellung nehmen und werben: Schreibziel und Kriterien klären;de_k6_st82_stellungnahme_kriterien;schueler/de_k6_st82_stellungnahme_kriterien_app.html;lehrer/de_k6_st82_stellungnahme_kriterien_orga.html;de_06_stellungnahme_082_kriterien.html
6;83;Lesen/Umgang mit Texten;Stellung nehmen und werben: Inhalte auswählen und ordnen;de_k6_st83_stellungnahme_inhalte_ordnen;schueler/de_k6_st83_stellungnahme_inhalte_ordnen_app.html;lehrer/de_k6_st83_stellungnahme_inhalte_ordnen_orga.html;de_06_stellungnahme_083_inhalte_ordnen.html
6;84;Sprache untersuchen;Stellung nehmen und werben: Passende sprachliche Mittel verwenden;de_k6_st84_stellungnahme_sprachmittel;schueler/de_k6_st84_stellungnahme_sprachmittel_app.html;lehrer/de_k6_st84_stellungnahme_sprachmittel_orga.html;de_06_stellungnahme_084_sprachmittel.html
6;85;Schreiben;Stellung nehmen und werben: Einen Schreibplan erstellen;de_k6_st85_stellungnahme_schreibplan;schueler/de_k6_st85_stellungnahme_schreibplan_app.html;lehrer/de_k6_st85_stellungnahme_schreibplan_orga.html;de_06_stellungnahme_085_schreibplan.html
6;86;Schreiben;Stellung nehmen und werben: Einen ersten Textentwurf verfassen;de_k6_st86_stellungnahme_entwurf;schueler/de_k6_st86_stellungnahme_entwurf_app.html;lehrer/de_k6_st86_stellungnahme_entwurf_orga.html;de_06_stellungnahme_086_entwurf.html
6;87;Schreiben;Stellung nehmen und werben: Text kriteriengeleitet überarbeiten;de_k6_st87_stellungnahme_ueberarbeiten;schueler/de_k6_st87_stellungnahme_ueberarbeiten_app.html;lehrer/de_k6_st87_stellungnahme_ueberarbeiten_orga.html;de_06_stellungnahme_087_ueberarbeiten.html
6;88;Sprechen und Zuhören;Stellung nehmen und werben: Texte vorstellen und bewerten;de_k6_st88_stellungnahme_vorstellen;schueler/de_k6_st88_stellungnahme_vorstellen_app.html;lehrer/de_k6_st88_stellungnahme_vorstellen_orga.html;de_06_stellungnahme_088_vorstellen.html
6;89;Sprechen und Zuhören;Theater, Hörspiel und Jahresrückblick: Vorwissen und Positionen klären;de_k6_st89_theater_einstieg;schueler/de_k6_st89_theater_einstieg_app.html;lehrer/de_k6_st89_theater_einstieg_orga.html;de_06_theater_089_einstieg.html
6;90;Lesen/Umgang mit Texten;Theater, Hörspiel und Jahresrückblick: Quellen und Materialien erschließen;de_k6_st90_theater_quellen;schueler/de_k6_st90_theater_quellen_app.html;lehrer/de_k6_st90_theater_quellen_orga.html;de_06_theater_090_quellen.html
6;91;Lesen/Umgang mit Texten;Theater, Hörspiel und Jahresrückblick: Qualitätskriterien anwenden;de_k6_st91_theater_kriterien;schueler/de_k6_st91_theater_kriterien_app.html;lehrer/de_k6_st91_theater_kriterien_orga.html;de_06_theater_091_kriterien.html
6;92;Lesen/Umgang mit Texten;Theater, Hörspiel und Jahresrückblick: Darstellungen vergleichen;de_k6_st92_theater_vergleichen;schueler/de_k6_st92_theater_vergleichen_app.html;lehrer/de_k6_st92_theater_vergleichen_orga.html;de_06_theater_092_vergleichen.html
6;93;Schreiben;Theater, Hörspiel und Jahresrückblick: Informationen prüfen und ordnen;de_k6_st93_theater_recherche;schueler/de_k6_st93_theater_recherche_app.html;lehrer/de_k6_st93_theater_recherche_orga.html;de_06_theater_093_recherche.html
6;94;Schreiben;Theater, Hörspiel und Jahresrückblick: Produkt planen;de_k6_st94_theater_planen;schueler/de_k6_st94_theater_planen_app.html;lehrer/de_k6_st94_theater_planen_orga.html;de_06_theater_094_planen.html
6;95;Schreiben;Theater, Hörspiel und Jahresrückblick: Produkt erstellen;de_k6_st95_theater_erstellen;schueler/de_k6_st95_theater_erstellen_app.html;lehrer/de_k6_st95_theater_erstellen_orga.html;de_06_theater_095_erstellen.html
6;96;Sprechen und Zuhören;Theater, Hörspiel und Jahresrückblick: Präsentieren und reflektieren;de_k6_st96_theater_reflexion;schueler/de_k6_st96_theater_reflexion_app.html;lehrer/de_k6_st96_theater_reflexion_orga.html;de_06_theater_096_reflexion.html
6;49;Lesen/Umgang mit Texten;Vorgänge verständlich erklären: Beispieltexte untersuchen;de_k6_st49_vorgang_beispiel;schueler/de_k6_st49_vorgang_beispiel_app.html;lehrer/de_k6_st49_vorgang_beispiel_orga.html;de_06_vorgang_049_beispiel.html
6;50;Schreiben;Vorgänge verständlich erklären: Schreibziel und Kriterien klären;de_k6_st50_vorgang_kriterien;schueler/de_k6_st50_vorgang_kriterien_app.html;lehrer/de_k6_st50_vorgang_kriterien_orga.html;de_06_vorgang_050_kriterien.html
6;51;Lesen/Umgang mit Texten;Vorgänge verständlich erklären: Inhalte auswählen und ordnen;de_k6_st51_vorgang_inhalte_ordnen;schueler/de_k6_st51_vorgang_inhalte_ordnen_app.html;lehrer/de_k6_st51_vorgang_inhalte_ordnen_orga.html;de_06_vorgang_051_inhalte_ordnen.html
6;52;Sprache untersuchen;Vorgänge verständlich erklären: Passende sprachliche Mittel verwenden;de_k6_st52_vorgang_sprachmittel;schueler/de_k6_st52_vorgang_sprachmittel_app.html;lehrer/de_k6_st52_vorgang_sprachmittel_orga.html;de_06_vorgang_052_sprachmittel.html
6;53;Schreiben;Vorgänge verständlich erklären: Einen Schreibplan erstellen;de_k6_st53_vorgang_schreibplan;schueler/de_k6_st53_vorgang_schreibplan_app.html;lehrer/de_k6_st53_vorgang_schreibplan_orga.html;de_06_vorgang_053_schreibplan.html
6;54;Schreiben;Vorgänge verständlich erklären: Einen ersten Textentwurf verfassen;de_k6_st54_vorgang_entwurf;schueler/de_k6_st54_vorgang_entwurf_app.html;lehrer/de_k6_st54_vorgang_entwurf_orga.html;de_06_vorgang_054_entwurf.html
6;55;Schreiben;Vorgänge verständlich erklären: Text kriteriengeleitet überarbeiten;de_k6_st55_vorgang_ueberarbeiten;schueler/de_k6_st55_vorgang_ueberarbeiten_app.html;lehrer/de_k6_st55_vorgang_ueberarbeiten_orga.html;de_06_vorgang_055_ueberarbeiten.html
6;56;Sprechen und Zuhören;Vorgänge verständlich erklären: Texte vorstellen und bewerten;de_k6_st56_vorgang_vorstellen;schueler/de_k6_st56_vorgang_vorstellen_app.html;lehrer/de_k6_st56_vorgang_vorstellen_orga.html;de_06_vorgang_056_vorstellen.html
6;65;Sprache untersuchen;Wortbildung und schwierige Schreibungen: Lernstand feststellen;de_k6_st65_wortbildung_diagnose;schueler/de_k6_st65_wortbildung_diagnose_app.html;lehrer/de_k6_st65_wortbildung_diagnose_orga.html;de_06_wortbildung_065_diagnose.html
6;66;Sprache untersuchen;Wortbildung und schwierige Schreibungen: Grundbegriffe sichern;de_k6_st66_wortbildung_grundbegriffe;schueler/de_k6_st66_wortbildung_grundbegriffe_app.html;lehrer/de_k6_st66_wortbildung_grundbegriffe_orga.html;de_06_wortbildung_066_grundbegriffe.html
6;67;Sprache untersuchen;Wortbildung und schwierige Schreibungen: Verfahren anwenden;de_k6_st67_wortbildung_verfahren;schueler/de_k6_st67_wortbildung_verfahren_app.html;lehrer/de_k6_st67_wortbildung_verfahren_orga.html;de_06_wortbildung_067_verfahren.html
6;68;Sprache untersuchen;Wortbildung und schwierige Schreibungen: Formen und Funktionen untersuchen;de_k6_st68_wortbildung_funktion;schueler/de_k6_st68_wortbildung_funktion_app.html;lehrer/de_k6_st68_wortbildung_funktion_orga.html;de_06_wortbildung_068_funktion.html
6;69;Schreiben;Wortbildung und schwierige Schreibungen: Wissen im eigenen Text nutzen;de_k6_st69_wortbildung_anwenden;schueler/de_k6_st69_wortbildung_anwenden_app.html;lehrer/de_k6_st69_wortbildung_anwenden_orga.html;de_06_wortbildung_069_anwenden.html
6;70;Sprache untersuchen;Wortbildung und schwierige Schreibungen: Fehler finden und korrigieren;de_k6_st70_wortbildung_fehler;schueler/de_k6_st70_wortbildung_fehler_app.html;lehrer/de_k6_st70_wortbildung_fehler_orga.html;de_06_wortbildung_070_fehler.html
6;71;Sprache untersuchen;Wortbildung und schwierige Schreibungen: Transfer auf unbekannte Beispiele;de_k6_st71_wortbildung_transfer;schueler/de_k6_st71_wortbildung_transfer_app.html;lehrer/de_k6_st71_wortbildung_transfer_orga.html;de_06_wortbildung_071_transfer.html
6;72;Schreiben;Wortbildung und schwierige Schreibungen: Lernprodukt und Kompetenzcheck;de_k6_st72_wortbildung_kompetenzcheck;schueler/de_k6_st72_wortbildung_kompetenzcheck_app.html;lehrer/de_k6_st72_wortbildung_kompetenzcheck_orga.html;de_06_wortbildung_072_kompetenzcheck.html
7;33;Sprache untersuchen;Adverbiale Bestimmungen und Satzbau: Lernstand feststellen;de_k7_st33_adverbiale_diagnose;schueler/de_k7_st33_adverbiale_diagnose_app.html;lehrer/de_k7_st33_adverbiale_diagnose_orga.html;de_07_adverbiale_033_diagnose.html
7;34;Sprache untersuchen;Adverbiale Bestimmungen und Satzbau: Grundbegriffe sichern;de_k7_st34_adverbiale_grundbegriffe;schueler/de_k7_st34_adverbiale_grundbegriffe_app.html;lehrer/de_k7_st34_adverbiale_grundbegriffe_orga.html;de_07_adverbiale_034_grundbegriffe.html
7;35;Sprache untersuchen;Adverbiale Bestimmungen und Satzbau: Verfahren anwenden;de_k7_st35_adverbiale_verfahren;schueler/de_k7_st35_adverbiale_verfahren_app.html;lehrer/de_k7_st35_adverbiale_verfahren_orga.html;de_07_adverbiale_035_verfahren.html
7;36;Sprache untersuchen;Adverbiale Bestimmungen und Satzbau: Formen und Funktionen untersuchen;de_k7_st36_adverbiale_funktion;schueler/de_k7_st36_adverbiale_funktion_app.html;lehrer/de_k7_st36_adverbiale_funktion_orga.html;de_07_adverbiale_036_funktion.html
7;37;Schreiben;Adverbiale Bestimmungen und Satzbau: Wissen im eigenen Text nutzen;de_k7_st37_adverbiale_anwenden;schueler/de_k7_st37_adverbiale_anwenden_app.html;lehrer/de_k7_st37_adverbiale_anwenden_orga.html;de_07_adverbiale_037_anwenden.html
7;38;Sprache untersuchen;Adverbiale Bestimmungen und Satzbau: Fehler finden und korrigieren;de_k7_st38_adverbiale_fehler;schueler/de_k7_st38_adverbiale_fehler_app.html;lehrer/de_k7_st38_adverbiale_fehler_orga.html;de_07_adverbiale_038_fehler.html
7;39;Sprache untersuchen;Adverbiale Bestimmungen und Satzbau: Transfer auf unbekannte Beispiele;de_k7_st39_adverbiale_transfer;schueler/de_k7_st39_adverbiale_transfer_app.html;lehrer/de_k7_st39_adverbiale_transfer_orga.html;de_07_adverbiale_039_transfer.html
7;40;Schreiben;Adverbiale Bestimmungen und Satzbau: Lernprodukt und Kompetenzcheck;de_k7_st40_adverbiale_kompetenzcheck;schueler/de_k7_st40_adverbiale_kompetenzcheck_app.html;lehrer/de_k7_st40_adverbiale_kompetenzcheck_orga.html;de_07_adverbiale_040_kompetenzcheck.html
7;41;Lesen/Umgang mit Texten;Argumentieren und Stellung nehmen: Beispieltexte untersuchen;de_k7_st41_argumentieren_beispiel;schueler/de_k7_st41_argumentieren_beispiel_app.html;lehrer/de_k7_st41_argumentieren_beispiel_orga.html;de_07_argumentieren_041_beispiel.html
7;42;Schreiben;Argumentieren und Stellung nehmen: Schreibziel und Kriterien klären;de_k7_st42_argumentieren_kriterien;schueler/de_k7_st42_argumentieren_kriterien_app.html;lehrer/de_k7_st42_argumentieren_kriterien_orga.html;de_07_argumentieren_042_kriterien.html
7;43;Lesen/Umgang mit Texten;Argumentieren und Stellung nehmen: Inhalte auswählen und ordnen;de_k7_st43_argumentieren_inhalte_ordnen;schueler/de_k7_st43_argumentieren_inhalte_ordnen_app.html;lehrer/de_k7_st43_argumentieren_inhalte_ordnen_orga.html;de_07_argumentieren_043_inhalte_ordnen.html
7;44;Sprache untersuchen;Argumentieren und Stellung nehmen: Passende sprachliche Mittel verwenden;de_k7_st44_argumentieren_sprachmittel;schueler/de_k7_st44_argumentieren_sprachmittel_app.html;lehrer/de_k7_st44_argumentieren_sprachmittel_orga.html;de_07_argumentieren_044_sprachmittel.html
7;45;Schreiben;Argumentieren und Stellung nehmen: Einen Schreibplan erstellen;de_k7_st45_argumentieren_schreibplan;schueler/de_k7_st45_argumentieren_schreibplan_app.html;lehrer/de_k7_st45_argumentieren_schreibplan_orga.html;de_07_argumentieren_045_schreibplan.html
7;46;Schreiben;Argumentieren und Stellung nehmen: Einen ersten Textentwurf verfassen;de_k7_st46_argumentieren_entwurf;schueler/de_k7_st46_argumentieren_entwurf_app.html;lehrer/de_k7_st46_argumentieren_entwurf_orga.html;de_07_argumentieren_046_entwurf.html
7;47;Schreiben;Argumentieren und Stellung nehmen: Text kriteriengeleitet überarbeiten;de_k7_st47_argumentieren_ueberarbeiten;schueler/de_k7_st47_argumentieren_ueberarbeiten_app.html;lehrer/de_k7_st47_argumentieren_ueberarbeiten_orga.html;de_07_argumentieren_047_ueberarbeiten.html
7;48;Sprechen und Zuhören;Argumentieren und Stellung nehmen: Texte vorstellen und bewerten;de_k7_st48_argumentieren_vorstellen;schueler/de_k7_st48_argumentieren_vorstellen_app.html;lehrer/de_k7_st48_argumentieren_vorstellen_orga.html;de_07_argumentieren_048_vorstellen.html
7;17;Sprechen und Zuhören;Balladen untersuchen und vortragen: Hör- oder Leseeinstieg gestalten;de_k7_st17_balladen_einstieg;schueler/de_k7_st17_balladen_einstieg_app.html;lehrer/de_k7_st17_balladen_einstieg_orga.html;de_07_balladen_017_einstieg.html
7;18;Lesen/Umgang mit Texten;Balladen untersuchen und vortragen: Den Text mit Lesestrategien erschließen;de_k7_st18_balladen_erschliessen;schueler/de_k7_st18_balladen_erschliessen_app.html;lehrer/de_k7_st18_balladen_erschliessen_orga.html;de_07_balladen_018_erschliessen.html
7;19;Lesen/Umgang mit Texten;Balladen untersuchen und vortragen: Gattungsmerkmale erkennen;de_k7_st19_balladen_merkmale;schueler/de_k7_st19_balladen_merkmale_app.html;lehrer/de_k7_st19_balladen_merkmale_orga.html;de_07_balladen_019_merkmale.html
7;20;Lesen/Umgang mit Texten;Balladen untersuchen und vortragen: Figuren, Handlung und Konflikt untersuchen;de_k7_st20_balladen_figuren_handlung;schueler/de_k7_st20_balladen_figuren_handlung_app.html;lehrer/de_k7_st20_balladen_figuren_handlung_orga.html;de_07_balladen_020_figuren_handlung.html
7;21;Sprache untersuchen;Balladen untersuchen und vortragen: Sprache und Wirkung untersuchen;de_k7_st21_balladen_sprache_wirkung;schueler/de_k7_st21_balladen_sprache_wirkung_app.html;lehrer/de_k7_st21_balladen_sprache_wirkung_orga.html;de_07_balladen_021_sprache_wirkung.html
7;22;Schreiben;Balladen untersuchen und vortragen: Eine Deutung oder Perspektive vorbereiten;de_k7_st22_balladen_deutung_planen;schueler/de_k7_st22_balladen_deutung_planen_app.html;lehrer/de_k7_st22_balladen_deutung_planen_orga.html;de_07_balladen_022_deutung_planen.html
7;23;Schreiben;Balladen untersuchen und vortragen: Gestaltender Vortrag gestalten;de_k7_st23_balladen_produkt;schueler/de_k7_st23_balladen_produkt_app.html;lehrer/de_k7_st23_balladen_produkt_orga.html;de_07_balladen_023_produkt.html
7;24;Sprechen und Zuhören;Balladen untersuchen und vortragen: Ergebnisse präsentieren und reflektieren;de_k7_st24_balladen_praesentieren;schueler/de_k7_st24_balladen_praesentieren_app.html;lehrer/de_k7_st24_balladen_praesentieren_orga.html;de_07_balladen_024_praesentieren.html
7;25;Lesen/Umgang mit Texten;Inhaltsangaben verfassen: Beispieltexte untersuchen;de_k7_st25_inhaltsangabe_beispiel;schueler/de_k7_st25_inhaltsangabe_beispiel_app.html;lehrer/de_k7_st25_inhaltsangabe_beispiel_orga.html;de_07_inhaltsangabe_025_beispiel.html
7;26;Schreiben;Inhaltsangaben verfassen: Schreibziel und Kriterien klären;de_k7_st26_inhaltsangabe_kriterien;schueler/de_k7_st26_inhaltsangabe_kriterien_app.html;lehrer/de_k7_st26_inhaltsangabe_kriterien_orga.html;de_07_inhaltsangabe_026_kriterien.html
7;27;Lesen/Umgang mit Texten;Inhaltsangaben verfassen: Inhalte auswählen und ordnen;de_k7_st27_inhaltsangabe_inhalte_ordnen;schueler/de_k7_st27_inhaltsangabe_inhalte_ordnen_app.html;lehrer/de_k7_st27_inhaltsangabe_inhalte_ordnen_orga.html;de_07_inhaltsangabe_027_inhalte_ordnen.html
7;28;Sprache untersuchen;Inhaltsangaben verfassen: Passende sprachliche Mittel verwenden;de_k7_st28_inhaltsangabe_sprachmittel;schueler/de_k7_st28_inhaltsangabe_sprachmittel_app.html;lehrer/de_k7_st28_inhaltsangabe_sprachmittel_orga.html;de_07_inhaltsangabe_028_sprachmittel.html
7;29;Schreiben;Inhaltsangaben verfassen: Einen Schreibplan erstellen;de_k7_st29_inhaltsangabe_schreibplan;schueler/de_k7_st29_inhaltsangabe_schreibplan_app.html;lehrer/de_k7_st29_inhaltsangabe_schreibplan_orga.html;de_07_inhaltsangabe_029_schreibplan.html
7;30;Schreiben;Inhaltsangaben verfassen: Einen ersten Textentwurf verfassen;de_k7_st30_inhaltsangabe_entwurf;schueler/de_k7_st30_inhaltsangabe_entwurf_app.html;lehrer/de_k7_st30_inhaltsangabe_entwurf_orga.html;de_07_inhaltsangabe_030_entwurf.html
7;31;Schreiben;Inhaltsangaben verfassen: Text kriteriengeleitet überarbeiten;de_k7_st31_inhaltsangabe_ueberarbeiten;schueler/de_k7_st31_inhaltsangabe_ueberarbeiten_app.html;lehrer/de_k7_st31_inhaltsangabe_ueberarbeiten_orga.html;de_07_inhaltsangabe_031_ueberarbeiten.html
7;32;Sprechen und Zuhören;Inhaltsangaben verfassen: Texte vorstellen und bewerten;de_k7_st32_inhaltsangabe_vorstellen;schueler/de_k7_st32_inhaltsangabe_vorstellen_app.html;lehrer/de_k7_st32_inhaltsangabe_vorstellen_orga.html;de_07_inhaltsangabe_032_vorstellen.html
7;1;Sprechen und Zuhören;Kommunikation und Sprachregister: Vorwissen und Positionen klären;de_k7_st01_kommunikation_einstieg;schueler/de_k7_st01_kommunikation_einstieg_app.html;lehrer/de_k7_st01_kommunikation_einstieg_orga.html;de_07_kommunikation_001_einstieg.html
7;2;Lesen/Umgang mit Texten;Kommunikation und Sprachregister: Quellen und Materialien erschließen;de_k7_st02_kommunikation_quellen;schueler/de_k7_st02_kommunikation_quellen_app.html;lehrer/de_k7_st02_kommunikation_quellen_orga.html;de_07_kommunikation_002_quellen.html
7;3;Lesen/Umgang mit Texten;Kommunikation und Sprachregister: Qualitätskriterien anwenden;de_k7_st03_kommunikation_kriterien;schueler/de_k7_st03_kommunikation_kriterien_app.html;lehrer/de_k7_st03_kommunikation_kriterien_orga.html;de_07_kommunikation_003_kriterien.html
7;4;Lesen/Umgang mit Texten;Kommunikation und Sprachregister: Darstellungen vergleichen;de_k7_st04_kommunikation_vergleichen;schueler/de_k7_st04_kommunikation_vergleichen_app.html;lehrer/de_k7_st04_kommunikation_vergleichen_orga.html;de_07_kommunikation_004_vergleichen.html
7;5;Schreiben;Kommunikation und Sprachregister: Informationen prüfen und ordnen;de_k7_st05_kommunikation_recherche;schueler/de_k7_st05_kommunikation_recherche_app.html;lehrer/de_k7_st05_kommunikation_recherche_orga.html;de_07_kommunikation_005_recherche.html
7;6;Schreiben;Kommunikation und Sprachregister: Produkt planen;de_k7_st06_kommunikation_planen;schueler/de_k7_st06_kommunikation_planen_app.html;lehrer/de_k7_st06_kommunikation_planen_orga.html;de_07_kommunikation_006_planen.html
7;7;Schreiben;Kommunikation und Sprachregister: Produkt erstellen;de_k7_st07_kommunikation_erstellen;schueler/de_k7_st07_kommunikation_erstellen_app.html;lehrer/de_k7_st07_kommunikation_erstellen_orga.html;de_07_kommunikation_007_erstellen.html
7;8;Sprechen und Zuhören;Kommunikation und Sprachregister: Präsentieren und reflektieren;de_k7_st08_kommunikation_reflexion;schueler/de_k7_st08_kommunikation_reflexion_app.html;lehrer/de_k7_st08_kommunikation_reflexion_orga.html;de_07_kommunikation_008_reflexion.html
7;9;Sprechen und Zuhören;Kurzgeschichten erschließen: Hör- oder Leseeinstieg gestalten;de_k7_st09_kurzgeschichten_einstieg;schueler/de_k7_st09_kurzgeschichten_einstieg_app.html;lehrer/de_k7_st09_kurzgeschichten_einstieg_orga.html;de_07_kurzgeschichten_009_einstieg.html
7;10;Lesen/Umgang mit Texten;Kurzgeschichten erschließen: Den Text mit Lesestrategien erschließen;de_k7_st10_kurzgeschichten_erschliessen;schueler/de_k7_st10_kurzgeschichten_erschliessen_app.html;lehrer/de_k7_st10_kurzgeschichten_erschliessen_orga.html;de_07_kurzgeschichten_010_erschliessen.html
7;11;Lesen/Umgang mit Texten;Kurzgeschichten erschließen: Gattungsmerkmale erkennen;de_k7_st11_kurzgeschichten_merkmale;schueler/de_k7_st11_kurzgeschichten_merkmale_app.html;lehrer/de_k7_st11_kurzgeschichten_merkmale_orga.html;de_07_kurzgeschichten_011_merkmale.html
7;12;Lesen/Umgang mit Texten;Kurzgeschichten erschließen: Figuren, Handlung und Konflikt untersuchen;de_k7_st12_kurzgeschichten_figuren_handlung;schueler/de_k7_st12_kurzgeschichten_figuren_handlung_app.html;lehrer/de_k7_st12_kurzgeschichten_figuren_handlung_orga.html;de_07_kurzgeschichten_012_figuren_handlung.html
7;13;Sprache untersuchen;Kurzgeschichten erschließen: Sprache und Wirkung untersuchen;de_k7_st13_kurzgeschichten_sprache_wirkung;schueler/de_k7_st13_kurzgeschichten_sprache_wirkung_app.html;lehrer/de_k7_st13_kurzgeschichten_sprache_wirkung_orga.html;de_07_kurzgeschichten_013_sprache_wirkung.html
7;14;Schreiben;Kurzgeschichten erschließen: Eine Deutung oder Perspektive vorbereiten;de_k7_st14_kurzgeschichten_deutung_planen;schueler/de_k7_st14_kurzgeschichten_deutung_planen_app.html;lehrer/de_k7_st14_kurzgeschichten_deutung_planen_orga.html;de_07_kurzgeschichten_014_deutung_planen.html
7;15;Schreiben;Kurzgeschichten erschließen: Fortsetzung oder innerer Monolog gestalten;de_k7_st15_kurzgeschichten_produkt;schueler/de_k7_st15_kurzgeschichten_produkt_app.html;lehrer/de_k7_st15_kurzgeschichten_produkt_orga.html;de_07_kurzgeschichten_015_produkt.html
7;16;Sprechen und Zuhören;Kurzgeschichten erschließen: Ergebnisse präsentieren und reflektieren;de_k7_st16_kurzgeschichten_praesentieren;schueler/de_k7_st16_kurzgeschichten_praesentieren_app.html;lehrer/de_k7_st16_kurzgeschichten_praesentieren_orga.html;de_07_kurzgeschichten_016_praesentieren.html
7;81;Lesen/Umgang mit Texten;Offizielle Briefe und Reklamationen: Beispieltexte untersuchen;de_k7_st81_offizieller_brief_beispiel;schueler/de_k7_st81_offizieller_brief_beispiel_app.html;lehrer/de_k7_st81_offizieller_brief_beispiel_orga.html;de_07_offizieller_brief_081_beispiel.html
7;82;Schreiben;Offizielle Briefe und Reklamationen: Schreibziel und Kriterien klären;de_k7_st82_offizieller_brief_kriterien;schueler/de_k7_st82_offizieller_brief_kriterien_app.html;lehrer/de_k7_st82_offizieller_brief_kriterien_orga.html;de_07_offizieller_brief_082_kriterien.html
7;83;Lesen/Umgang mit Texten;Offizielle Briefe und Reklamationen: Inhalte auswählen und ordnen;de_k7_st83_offizieller_brief_inhalte_ordnen;schueler/de_k7_st83_offizieller_brief_inhalte_ordnen_app.html;lehrer/de_k7_st83_offizieller_brief_inhalte_ordnen_orga.html;de_07_offizieller_brief_083_inhalte_ordnen.html
7;84;Sprache untersuchen;Offizielle Briefe und Reklamationen: Passende sprachliche Mittel verwenden;de_k7_st84_offizieller_brief_sprachmittel;schueler/de_k7_st84_offizieller_brief_sprachmittel_app.html;lehrer/de_k7_st84_offizieller_brief_sprachmittel_orga.html;de_07_offizieller_brief_084_sprachmittel.html
7;85;Schreiben;Offizielle Briefe und Reklamationen: Einen Schreibplan erstellen;de_k7_st85_offizieller_brief_schreibplan;schueler/de_k7_st85_offizieller_brief_schreibplan_app.html;lehrer/de_k7_st85_offizieller_brief_schreibplan_orga.html;de_07_offizieller_brief_085_schreibplan.html
7;86;Schreiben;Offizielle Briefe und Reklamationen: Einen ersten Textentwurf verfassen;de_k7_st86_offizieller_brief_entwurf;schueler/de_k7_st86_offizieller_brief_entwurf_app.html;lehrer/de_k7_st86_offizieller_brief_entwurf_orga.html;de_07_offizieller_brief_086_entwurf.html
7;87;Schreiben;Offizielle Briefe und Reklamationen: Text kriteriengeleitet überarbeiten;de_k7_st87_offizieller_brief_ueberarbeiten;schueler/de_k7_st87_offizieller_brief_ueberarbeiten_app.html;lehrer/de_k7_st87_offizieller_brief_ueberarbeiten_orga.html;de_07_offizieller_brief_087_ueberarbeiten.html
7;88;Sprechen und Zuhören;Offizielle Briefe und Reklamationen: Texte vorstellen und bewerten;de_k7_st88_offizieller_brief_vorstellen;schueler/de_k7_st88_offizieller_brief_vorstellen_app.html;lehrer/de_k7_st88_offizieller_brief_vorstellen_orga.html;de_07_offizieller_brief_088_vorstellen.html
7;89;Sprechen und Zuhören;Präsentieren und ein Medienprodukt erstellen: Vorwissen und Positionen klären;de_k7_st89_projekt_einstieg;schueler/de_k7_st89_projekt_einstieg_app.html;lehrer/de_k7_st89_projekt_einstieg_orga.html;de_07_projekt_089_einstieg.html
7;90;Lesen/Umgang mit Texten;Präsentieren und ein Medienprodukt erstellen: Quellen und Materialien erschließen;de_k7_st90_projekt_quellen;schueler/de_k7_st90_projekt_quellen_app.html;lehrer/de_k7_st90_projekt_quellen_orga.html;de_07_projekt_090_quellen.html
7;91;Lesen/Umgang mit Texten;Präsentieren und ein Medienprodukt erstellen: Qualitätskriterien anwenden;de_k7_st91_projekt_kriterien;schueler/de_k7_st91_projekt_kriterien_app.html;lehrer/de_k7_st91_projekt_kriterien_orga.html;de_07_projekt_091_kriterien.html
7;92;Lesen/Umgang mit Texten;Präsentieren und ein Medienprodukt erstellen: Darstellungen vergleichen;de_k7_st92_projekt_vergleichen;schueler/de_k7_st92_projekt_vergleichen_app.html;lehrer/de_k7_st92_projekt_vergleichen_orga.html;de_07_projekt_092_vergleichen.html
7;93;Schreiben;Präsentieren und ein Medienprodukt erstellen: Informationen prüfen und ordnen;de_k7_st93_projekt_recherche;schueler/de_k7_st93_projekt_recherche_app.html;lehrer/de_k7_st93_projekt_recherche_orga.html;de_07_projekt_093_recherche.html
7;94;Schreiben;Präsentieren und ein Medienprodukt erstellen: Produkt planen;de_k7_st94_projekt_planen;schueler/de_k7_st94_projekt_planen_app.html;lehrer/de_k7_st94_projekt_planen_orga.html;de_07_projekt_094_planen.html
7;95;Schreiben;Präsentieren und ein Medienprodukt erstellen: Produkt erstellen;de_k7_st95_projekt_erstellen;schueler/de_k7_st95_projekt_erstellen_app.html;lehrer/de_k7_st95_projekt_erstellen_orga.html;de_07_projekt_095_erstellen.html
7;96;Sprechen und Zuhören;Präsentieren und ein Medienprodukt erstellen: Präsentieren und reflektieren;de_k7_st96_projekt_reflexion;schueler/de_k7_st96_projekt_reflexion_app.html;lehrer/de_k7_st96_projekt_reflexion_orga.html;de_07_projekt_096_reflexion.html
7;57;Lesen/Umgang mit Texten;Reportage und lebendiger Bericht: Beispieltexte untersuchen;de_k7_st57_reportage_beispiel;schueler/de_k7_st57_reportage_beispiel_app.html;lehrer/de_k7_st57_reportage_beispiel_orga.html;de_07_reportage_057_beispiel.html
7;58;Schreiben;Reportage und lebendiger Bericht: Schreibziel und Kriterien klären;de_k7_st58_reportage_kriterien;schueler/de_k7_st58_reportage_kriterien_app.html;lehrer/de_k7_st58_reportage_kriterien_orga.html;de_07_reportage_058_kriterien.html
7;59;Lesen/Umgang mit Texten;Reportage und lebendiger Bericht: Inhalte auswählen und ordnen;de_k7_st59_reportage_inhalte_ordnen;schueler/de_k7_st59_reportage_inhalte_ordnen_app.html;lehrer/de_k7_st59_reportage_inhalte_ordnen_orga.html;de_07_reportage_059_inhalte_ordnen.html
7;60;Sprache untersuchen;Reportage und lebendiger Bericht: Passende sprachliche Mittel verwenden;de_k7_st60_reportage_sprachmittel;schueler/de_k7_st60_reportage_sprachmittel_app.html;lehrer/de_k7_st60_reportage_sprachmittel_orga.html;de_07_reportage_060_sprachmittel.html
7;61;Schreiben;Reportage und lebendiger Bericht: Einen Schreibplan erstellen;de_k7_st61_reportage_schreibplan;schueler/de_k7_st61_reportage_schreibplan_app.html;lehrer/de_k7_st61_reportage_schreibplan_orga.html;de_07_reportage_061_schreibplan.html
7;62;Schreiben;Reportage und lebendiger Bericht: Einen ersten Textentwurf verfassen;de_k7_st62_reportage_entwurf;schueler/de_k7_st62_reportage_entwurf_app.html;lehrer/de_k7_st62_reportage_entwurf_orga.html;de_07_reportage_062_entwurf.html
7;63;Schreiben;Reportage und lebendiger Bericht: Text kriteriengeleitet überarbeiten;de_k7_st63_reportage_ueberarbeiten;schueler/de_k7_st63_reportage_ueberarbeiten_app.html;lehrer/de_k7_st63_reportage_ueberarbeiten_orga.html;de_07_reportage_063_ueberarbeiten.html
7;64;Sprechen und Zuhören;Reportage und lebendiger Bericht: Texte vorstellen und bewerten;de_k7_st64_reportage_vorstellen;schueler/de_k7_st64_reportage_vorstellen_app.html;lehrer/de_k7_st64_reportage_vorstellen_orga.html;de_07_reportage_064_vorstellen.html
7;49;Sprechen und Zuhören;Jugendroman und Lebenswelt: Hör- oder Leseeinstieg gestalten;de_k7_st49_roman_einstieg;schueler/de_k7_st49_roman_einstieg_app.html;lehrer/de_k7_st49_roman_einstieg_orga.html;de_07_roman_049_einstieg.html
7;50;Lesen/Umgang mit Texten;Jugendroman und Lebenswelt: Den Text mit Lesestrategien erschließen;de_k7_st50_roman_erschliessen;schueler/de_k7_st50_roman_erschliessen_app.html;lehrer/de_k7_st50_roman_erschliessen_orga.html;de_07_roman_050_erschliessen.html
7;51;Lesen/Umgang mit Texten;Jugendroman und Lebenswelt: Gattungsmerkmale erkennen;de_k7_st51_roman_merkmale;schueler/de_k7_st51_roman_merkmale_app.html;lehrer/de_k7_st51_roman_merkmale_orga.html;de_07_roman_051_merkmale.html
7;52;Lesen/Umgang mit Texten;Jugendroman und Lebenswelt: Figuren, Handlung und Konflikt untersuchen;de_k7_st52_roman_figuren_handlung;schueler/de_k7_st52_roman_figuren_handlung_app.html;lehrer/de_k7_st52_roman_figuren_handlung_orga.html;de_07_roman_052_figuren_handlung.html
7;53;Sprache untersuchen;Jugendroman und Lebenswelt: Sprache und Wirkung untersuchen;de_k7_st53_roman_sprache_wirkung;schueler/de_k7_st53_roman_sprache_wirkung_app.html;lehrer/de_k7_st53_roman_sprache_wirkung_orga.html;de_07_roman_053_sprache_wirkung.html
7;54;Schreiben;Jugendroman und Lebenswelt: Eine Deutung oder Perspektive vorbereiten;de_k7_st54_roman_deutung_planen;schueler/de_k7_st54_roman_deutung_planen_app.html;lehrer/de_k7_st54_roman_deutung_planen_orga.html;de_07_roman_054_deutung_planen.html
7;55;Schreiben;Jugendroman und Lebenswelt: Lesetagebuch oder Podcast gestalten;de_k7_st55_roman_produkt;schueler/de_k7_st55_roman_produkt_app.html;lehrer/de_k7_st55_roman_produkt_orga.html;de_07_roman_055_produkt.html
7;56;Sprechen und Zuhören;Jugendroman und Lebenswelt: Ergebnisse präsentieren und reflektieren;de_k7_st56_roman_praesentieren;schueler/de_k7_st56_roman_praesentieren_app.html;lehrer/de_k7_st56_roman_praesentieren_orga.html;de_07_roman_056_praesentieren.html
7;65;Sprechen und Zuhören;Werbung analysieren: Vorwissen und Positionen klären;de_k7_st65_werbung_einstieg;schueler/de_k7_st65_werbung_einstieg_app.html;lehrer/de_k7_st65_werbung_einstieg_orga.html;de_07_werbung_065_einstieg.html
7;66;Lesen/Umgang mit Texten;Werbung analysieren: Quellen und Materialien erschließen;de_k7_st66_werbung_quellen;schueler/de_k7_st66_werbung_quellen_app.html;lehrer/de_k7_st66_werbung_quellen_orga.html;de_07_werbung_066_quellen.html
7;67;Lesen/Umgang mit Texten;Werbung analysieren: Qualitätskriterien anwenden;de_k7_st67_werbung_kriterien;schueler/de_k7_st67_werbung_kriterien_app.html;lehrer/de_k7_st67_werbung_kriterien_orga.html;de_07_werbung_067_kriterien.html
7;68;Lesen/Umgang mit Texten;Werbung analysieren: Darstellungen vergleichen;de_k7_st68_werbung_vergleichen;schueler/de_k7_st68_werbung_vergleichen_app.html;lehrer/de_k7_st68_werbung_vergleichen_orga.html;de_07_werbung_068_vergleichen.html
7;69;Schreiben;Werbung analysieren: Informationen prüfen und ordnen;de_k7_st69_werbung_recherche;schueler/de_k7_st69_werbung_recherche_app.html;lehrer/de_k7_st69_werbung_recherche_orga.html;de_07_werbung_069_recherche.html
7;70;Schreiben;Werbung analysieren: Produkt planen;de_k7_st70_werbung_planen;schueler/de_k7_st70_werbung_planen_app.html;lehrer/de_k7_st70_werbung_planen_orga.html;de_07_werbung_070_planen.html
7;71;Schreiben;Werbung analysieren: Produkt erstellen;de_k7_st71_werbung_erstellen;schueler/de_k7_st71_werbung_erstellen_app.html;lehrer/de_k7_st71_werbung_erstellen_orga.html;de_07_werbung_071_erstellen.html
7;72;Sprechen und Zuhören;Werbung analysieren: Präsentieren und reflektieren;de_k7_st72_werbung_reflexion;schueler/de_k7_st72_werbung_reflexion_app.html;lehrer/de_k7_st72_werbung_reflexion_orga.html;de_07_werbung_072_reflexion.html
7;73;Sprache untersuchen;Zeichensetzung und Fremdwörter: Lernstand feststellen;de_k7_st73_zeichensetzung_diagnose;schueler/de_k7_st73_zeichensetzung_diagnose_app.html;lehrer/de_k7_st73_zeichensetzung_diagnose_orga.html;de_07_zeichensetzung_073_diagnose.html
7;74;Sprache untersuchen;Zeichensetzung und Fremdwörter: Grundbegriffe sichern;de_k7_st74_zeichensetzung_grundbegriffe;schueler/de_k7_st74_zeichensetzung_grundbegriffe_app.html;lehrer/de_k7_st74_zeichensetzung_grundbegriffe_orga.html;de_07_zeichensetzung_074_grundbegriffe.html
7;75;Sprache untersuchen;Zeichensetzung und Fremdwörter: Verfahren anwenden;de_k7_st75_zeichensetzung_verfahren;schueler/de_k7_st75_zeichensetzung_verfahren_app.html;lehrer/de_k7_st75_zeichensetzung_verfahren_orga.html;de_07_zeichensetzung_075_verfahren.html
7;76;Sprache untersuchen;Zeichensetzung und Fremdwörter: Formen und Funktionen untersuchen;de_k7_st76_zeichensetzung_funktion;schueler/de_k7_st76_zeichensetzung_funktion_app.html;lehrer/de_k7_st76_zeichensetzung_funktion_orga.html;de_07_zeichensetzung_076_funktion.html
7;77;Schreiben;Zeichensetzung und Fremdwörter: Wissen im eigenen Text nutzen;de_k7_st77_zeichensetzung_anwenden;schueler/de_k7_st77_zeichensetzung_anwenden_app.html;lehrer/de_k7_st77_zeichensetzung_anwenden_orga.html;de_07_zeichensetzung_077_anwenden.html
7;78;Sprache untersuchen;Zeichensetzung und Fremdwörter: Fehler finden und korrigieren;de_k7_st78_zeichensetzung_fehler;schueler/de_k7_st78_zeichensetzung_fehler_app.html;lehrer/de_k7_st78_zeichensetzung_fehler_orga.html;de_07_zeichensetzung_078_fehler.html
7;79;Sprache untersuchen;Zeichensetzung und Fremdwörter: Transfer auf unbekannte Beispiele;de_k7_st79_zeichensetzung_transfer;schueler/de_k7_st79_zeichensetzung_transfer_app.html;lehrer/de_k7_st79_zeichensetzung_transfer_orga.html;de_07_zeichensetzung_079_transfer.html
7;80;Schreiben;Zeichensetzung und Fremdwörter: Lernprodukt und Kompetenzcheck;de_k7_st80_zeichensetzung_kompetenzcheck;schueler/de_k7_st80_zeichensetzung_kompetenzcheck_app.html;lehrer/de_k7_st80_zeichensetzung_kompetenzcheck_orga.html;de_07_zeichensetzung_080_kompetenzcheck.html
8;25;Lesen/Umgang mit Texten;Personen und literarische Figuren charakterisieren: Beispieltexte untersuchen;de_k8_st25_charakteristik_beispiel;schueler/de_k8_st25_charakteristik_beispiel_app.html;lehrer/de_k8_st25_charakteristik_beispiel_orga.html;de_08_charakteristik_025_beispiel.html
8;26;Schreiben;Personen und literarische Figuren charakterisieren: Schreibziel und Kriterien klären;de_k8_st26_charakteristik_kriterien;schueler/de_k8_st26_charakteristik_kriterien_app.html;lehrer/de_k8_st26_charakteristik_kriterien_orga.html;de_08_charakteristik_026_kriterien.html
8;27;Lesen/Umgang mit Texten;Personen und literarische Figuren charakterisieren: Inhalte auswählen und ordnen;de_k8_st27_charakteristik_inhalte_ordnen;schueler/de_k8_st27_charakteristik_inhalte_ordnen_app.html;lehrer/de_k8_st27_charakteristik_inhalte_ordnen_orga.html;de_08_charakteristik_027_inhalte_ordnen.html
8;28;Sprache untersuchen;Personen und literarische Figuren charakterisieren: Passende sprachliche Mittel verwenden;de_k8_st28_charakteristik_sprachmittel;schueler/de_k8_st28_charakteristik_sprachmittel_app.html;lehrer/de_k8_st28_charakteristik_sprachmittel_orga.html;de_08_charakteristik_028_sprachmittel.html
8;29;Schreiben;Personen und literarische Figuren charakterisieren: Einen Schreibplan erstellen;de_k8_st29_charakteristik_schreibplan;schueler/de_k8_st29_charakteristik_schreibplan_app.html;lehrer/de_k8_st29_charakteristik_schreibplan_orga.html;de_08_charakteristik_029_schreibplan.html
8;30;Schreiben;Personen und literarische Figuren charakterisieren: Einen ersten Textentwurf verfassen;de_k8_st30_charakteristik_entwurf;schueler/de_k8_st30_charakteristik_entwurf_app.html;lehrer/de_k8_st30_charakteristik_entwurf_orga.html;de_08_charakteristik_030_entwurf.html
8;31;Schreiben;Personen und literarische Figuren charakterisieren: Text kriteriengeleitet überarbeiten;de_k8_st31_charakteristik_ueberarbeiten;schueler/de_k8_st31_charakteristik_ueberarbeiten_app.html;lehrer/de_k8_st31_charakteristik_ueberarbeiten_orga.html;de_08_charakteristik_031_ueberarbeiten.html
8;32;Sprechen und Zuhören;Personen und literarische Figuren charakterisieren: Texte vorstellen und bewerten;de_k8_st32_charakteristik_vorstellen;schueler/de_k8_st32_charakteristik_vorstellen_app.html;lehrer/de_k8_st32_charakteristik_vorstellen_orga.html;de_08_charakteristik_032_vorstellen.html
8;81;Sprechen und Zuhören;Kurze dramatische und kabarettistische Texte: Hör- oder Leseeinstieg gestalten;de_k8_st81_drama_kurz_einstieg;schueler/de_k8_st81_drama_kurz_einstieg_app.html;lehrer/de_k8_st81_drama_kurz_einstieg_orga.html;de_08_drama_kurz_081_einstieg.html
8;82;Lesen/Umgang mit Texten;Kurze dramatische und kabarettistische Texte: Den Text mit Lesestrategien erschließen;de_k8_st82_drama_kurz_erschliessen;schueler/de_k8_st82_drama_kurz_erschliessen_app.html;lehrer/de_k8_st82_drama_kurz_erschliessen_orga.html;de_08_drama_kurz_082_erschliessen.html
8;83;Lesen/Umgang mit Texten;Kurze dramatische und kabarettistische Texte: Gattungsmerkmale erkennen;de_k8_st83_drama_kurz_merkmale;schueler/de_k8_st83_drama_kurz_merkmale_app.html;lehrer/de_k8_st83_drama_kurz_merkmale_orga.html;de_08_drama_kurz_083_merkmale.html
8;84;Lesen/Umgang mit Texten;Kurze dramatische und kabarettistische Texte: Figuren, Handlung und Konflikt untersuchen;de_k8_st84_drama_kurz_figuren_handlung;schueler/de_k8_st84_drama_kurz_figuren_handlung_app.html;lehrer/de_k8_st84_drama_kurz_figuren_handlung_orga.html;de_08_drama_kurz_084_figuren_handlung.html
8;85;Sprache untersuchen;Kurze dramatische und kabarettistische Texte: Sprache und Wirkung untersuchen;de_k8_st85_drama_kurz_sprache_wirkung;schueler/de_k8_st85_drama_kurz_sprache_wirkung_app.html;lehrer/de_k8_st85_drama_kurz_sprache_wirkung_orga.html;de_08_drama_kurz_085_sprache_wirkung.html
8;86;Schreiben;Kurze dramatische und kabarettistische Texte: Eine Deutung oder Perspektive vorbereiten;de_k8_st86_drama_kurz_deutung_planen;schueler/de_k8_st86_drama_kurz_deutung_planen_app.html;lehrer/de_k8_st86_drama_kurz_deutung_planen_orga.html;de_08_drama_kurz_086_deutung_planen.html
8;87;Schreiben;Kurze dramatische und kabarettistische Texte: Inszenierung oder Szenenanalyse gestalten;de_k8_st87_drama_kurz_produkt;schueler/de_k8_st87_drama_kurz_produkt_app.html;lehrer/de_k8_st87_drama_kurz_produkt_orga.html;de_08_drama_kurz_087_produkt.html
8;88;Sprechen und Zuhören;Kurze dramatische und kabarettistische Texte: Ergebnisse präsentieren und reflektieren;de_k8_st88_drama_kurz_praesentieren;schueler/de_k8_st88_drama_kurz_praesentieren_app.html;lehrer/de_k8_st88_drama_kurz_praesentieren_orga.html;de_08_drama_kurz_088_praesentieren.html
8;33;Lesen/Umgang mit Texten;Eine lineare Erörterung entwickeln: Beispieltexte untersuchen;de_k8_st33_eroerterung_linear_beispiel;schueler/de_k8_st33_eroerterung_linear_beispiel_app.html;lehrer/de_k8_st33_eroerterung_linear_beispiel_orga.html;de_08_eroerterung_linear_033_beispiel.html
8;34;Schreiben;Eine lineare Erörterung entwickeln: Schreibziel und Kriterien klären;de_k8_st34_eroerterung_linear_kriterien;schueler/de_k8_st34_eroerterung_linear_kriterien_app.html;lehrer/de_k8_st34_eroerterung_linear_kriterien_orga.html;de_08_eroerterung_linear_034_kriterien.html
8;35;Lesen/Umgang mit Texten;Eine lineare Erörterung entwickeln: Inhalte auswählen und ordnen;de_k8_st35_eroerterung_linear_inhalte_ordnen;schueler/de_k8_st35_eroerterung_linear_inhalte_ordnen_app.html;lehrer/de_k8_st35_eroerterung_linear_inhalte_ordnen_orga.html;de_08_eroerterung_linear_035_inhalte_ordnen.html
8;36;Sprache untersuchen;Eine lineare Erörterung entwickeln: Passende sprachliche Mittel verwenden;de_k8_st36_eroerterung_linear_sprachmittel;schueler/de_k8_st36_eroerterung_linear_sprachmittel_app.html;lehrer/de_k8_st36_eroerterung_linear_sprachmittel_orga.html;de_08_eroerterung_linear_036_sprachmittel.html
8;37;Schreiben;Eine lineare Erörterung entwickeln: Einen Schreibplan erstellen;de_k8_st37_eroerterung_linear_schreibplan;schueler/de_k8_st37_eroerterung_linear_schreibplan_app.html;lehrer/de_k8_st37_eroerterung_linear_schreibplan_orga.html;de_08_eroerterung_linear_037_schreibplan.html
8;38;Schreiben;Eine lineare Erörterung entwickeln: Einen ersten Textentwurf verfassen;de_k8_st38_eroerterung_linear_entwurf;schueler/de_k8_st38_eroerterung_linear_entwurf_app.html;lehrer/de_k8_st38_eroerterung_linear_entwurf_orga.html;de_08_eroerterung_linear_038_entwurf.html
8;39;Schreiben;Eine lineare Erörterung entwickeln: Text kriteriengeleitet überarbeiten;de_k8_st39_eroerterung_linear_ueberarbeiten;schueler/de_k8_st39_eroerterung_linear_ueberarbeiten_app.html;lehrer/de_k8_st39_eroerterung_linear_ueberarbeiten_orga.html;de_08_eroerterung_linear_039_ueberarbeiten.html
8;40;Sprechen und Zuhören;Eine lineare Erörterung entwickeln: Texte vorstellen und bewerten;de_k8_st40_eroerterung_linear_vorstellen;schueler/de_k8_st40_eroerterung_linear_vorstellen_app.html;lehrer/de_k8_st40_eroerterung_linear_vorstellen_orga.html;de_08_eroerterung_linear_040_vorstellen.html
8;73;Lesen/Umgang mit Texten;Protokolle, Anfragen und Beschwerden: Beispieltexte untersuchen;de_k8_st73_gebrauchstexte_beispiel;schueler/de_k8_st73_gebrauchstexte_beispiel_app.html;lehrer/de_k8_st73_gebrauchstexte_beispiel_orga.html;de_08_gebrauchstexte_073_beispiel.html
8;74;Schreiben;Protokolle, Anfragen und Beschwerden: Schreibziel und Kriterien klären;de_k8_st74_gebrauchstexte_kriterien;schueler/de_k8_st74_gebrauchstexte_kriterien_app.html;lehrer/de_k8_st74_gebrauchstexte_kriterien_orga.html;de_08_gebrauchstexte_074_kriterien.html
8;75;Lesen/Umgang mit Texten;Protokolle, Anfragen und Beschwerden: Inhalte auswählen und ordnen;de_k8_st75_gebrauchstexte_inhalte_ordnen;schueler/de_k8_st75_gebrauchstexte_inhalte_ordnen_app.html;lehrer/de_k8_st75_gebrauchstexte_inhalte_ordnen_orga.html;de_08_gebrauchstexte_075_inhalte_ordnen.html
8;76;Sprache untersuchen;Protokolle, Anfragen und Beschwerden: Passende sprachliche Mittel verwenden;de_k8_st76_gebrauchstexte_sprachmittel;schueler/de_k8_st76_gebrauchstexte_sprachmittel_app.html;lehrer/de_k8_st76_gebrauchstexte_sprachmittel_orga.html;de_08_gebrauchstexte_076_sprachmittel.html
8;77;Schreiben;Protokolle, Anfragen und Beschwerden: Einen Schreibplan erstellen;de_k8_st77_gebrauchstexte_schreibplan;schueler/de_k8_st77_gebrauchstexte_schreibplan_app.html;lehrer/de_k8_st77_gebrauchstexte_schreibplan_orga.html;de_08_gebrauchstexte_077_schreibplan.html
8;78;Schreiben;Protokolle, Anfragen und Beschwerden: Einen ersten Textentwurf verfassen;de_k8_st78_gebrauchstexte_entwurf;schueler/de_k8_st78_gebrauchstexte_entwurf_app.html;lehrer/de_k8_st78_gebrauchstexte_entwurf_orga.html;de_08_gebrauchstexte_078_entwurf.html
8;79;Schreiben;Protokolle, Anfragen und Beschwerden: Text kriteriengeleitet überarbeiten;de_k8_st79_gebrauchstexte_ueberarbeiten;schueler/de_k8_st79_gebrauchstexte_ueberarbeiten_app.html;lehrer/de_k8_st79_gebrauchstexte_ueberarbeiten_orga.html;de_08_gebrauchstexte_079_ueberarbeiten.html
8;80;Sprechen und Zuhören;Protokolle, Anfragen und Beschwerden: Texte vorstellen und bewerten;de_k8_st80_gebrauchstexte_vorstellen;schueler/de_k8_st80_gebrauchstexte_vorstellen_app.html;lehrer/de_k8_st80_gebrauchstexte_vorstellen_orga.html;de_08_gebrauchstexte_080_vorstellen.html
8;89;Sprechen und Zuhören;Kompetenzprojekt Klasse 8: Vorwissen und Positionen klären;de_k8_st89_kompetenzprojekt_einstieg;schueler/de_k8_st89_kompetenzprojekt_einstieg_app.html;lehrer/de_k8_st89_kompetenzprojekt_einstieg_orga.html;de_08_kompetenzprojekt_089_einstieg.html
8;90;Lesen/Umgang mit Texten;Kompetenzprojekt Klasse 8: Quellen und Materialien erschließen;de_k8_st90_kompetenzprojekt_quellen;schueler/de_k8_st90_kompetenzprojekt_quellen_app.html;lehrer/de_k8_st90_kompetenzprojekt_quellen_orga.html;de_08_kompetenzprojekt_090_quellen.html
8;91;Lesen/Umgang mit Texten;Kompetenzprojekt Klasse 8: Qualitätskriterien anwenden;de_k8_st91_kompetenzprojekt_kriterien;schueler/de_k8_st91_kompetenzprojekt_kriterien_app.html;lehrer/de_k8_st91_kompetenzprojekt_kriterien_orga.html;de_08_kompetenzprojekt_091_kriterien.html
8;92;Lesen/Umgang mit Texten;Kompetenzprojekt Klasse 8: Darstellungen vergleichen;de_k8_st92_kompetenzprojekt_vergleichen;schueler/de_k8_st92_kompetenzprojekt_vergleichen_app.html;lehrer/de_k8_st92_kompetenzprojekt_vergleichen_orga.html;de_08_kompetenzprojekt_092_vergleichen.html
8;93;Schreiben;Kompetenzprojekt Klasse 8: Informationen prüfen und ordnen;de_k8_st93_kompetenzprojekt_recherche;schueler/de_k8_st93_kompetenzprojekt_recherche_app.html;lehrer/de_k8_st93_kompetenzprojekt_recherche_orga.html;de_08_kompetenzprojekt_093_recherche.html
8;94;Schreiben;Kompetenzprojekt Klasse 8: Produkt planen;de_k8_st94_kompetenzprojekt_planen;schueler/de_k8_st94_kompetenzprojekt_planen_app.html;lehrer/de_k8_st94_kompetenzprojekt_planen_orga.html;de_08_kompetenzprojekt_094_planen.html
8;95;Schreiben;Kompetenzprojekt Klasse 8: Produkt erstellen;de_k8_st95_kompetenzprojekt_erstellen;schueler/de_k8_st95_kompetenzprojekt_erstellen_app.html;lehrer/de_k8_st95_kompetenzprojekt_erstellen_orga.html;de_08_kompetenzprojekt_095_erstellen.html
8;96;Sprechen und Zuhören;Kompetenzprojekt Klasse 8: Präsentieren und reflektieren;de_k8_st96_kompetenzprojekt_reflexion;schueler/de_k8_st96_kompetenzprojekt_reflexion_app.html;lehrer/de_k8_st96_kompetenzprojekt_reflexion_orga.html;de_08_kompetenzprojekt_096_reflexion.html
8;9;Sprechen und Zuhören;Kurzgeschichten vertieft deuten: Hör- oder Leseeinstieg gestalten;de_k8_st09_kurzgeschichte_vertieft_einstieg;schueler/de_k8_st09_kurzgeschichte_vertieft_einstieg_app.html;lehrer/de_k8_st09_kurzgeschichte_vertieft_einstieg_orga.html;de_08_kurzgeschichte_vertieft_009_einstieg.html
8;10;Lesen/Umgang mit Texten;Kurzgeschichten vertieft deuten: Den Text mit Lesestrategien erschließen;de_k8_st10_kurzgeschichte_vertieft_erschliessen;schueler/de_k8_st10_kurzgeschichte_vertieft_erschliessen_app.html;lehrer/de_k8_st10_kurzgeschichte_vertieft_erschliessen_orga.html;de_08_kurzgeschichte_vertieft_010_erschliessen.html
8;11;Lesen/Umgang mit Texten;Kurzgeschichten vertieft deuten: Gattungsmerkmale erkennen;de_k8_st11_kurzgeschichte_vertieft_merkmale;schueler/de_k8_st11_kurzgeschichte_vertieft_merkmale_app.html;lehrer/de_k8_st11_kurzgeschichte_vertieft_merkmale_orga.html;de_08_kurzgeschichte_vertieft_011_merkmale.html
8;12;Lesen/Umgang mit Texten;Kurzgeschichten vertieft deuten: Figuren, Handlung und Konflikt untersuchen;de_k8_st12_kurzgeschichte_vertieft_figuren_handlung;schueler/de_k8_st12_kurzgeschichte_vertieft_figuren_handlung_app.html;lehrer/de_k8_st12_kurzgeschichte_vertieft_figuren_handlung_orga.html;de_08_kurzgeschichte_vertieft_012_figuren_handlung.html
8;13;Sprache untersuchen;Kurzgeschichten vertieft deuten: Sprache und Wirkung untersuchen;de_k8_st13_kurzgeschichte_vertieft_sprache_wirkung;schueler/de_k8_st13_kurzgeschichte_vertieft_sprache_wirkung_app.html;lehrer/de_k8_st13_kurzgeschichte_vertieft_sprache_wirkung_orga.html;de_08_kurzgeschichte_vertieft_013_sprache_wirkung.html
8;14;Schreiben;Kurzgeschichten vertieft deuten: Eine Deutung oder Perspektive vorbereiten;de_k8_st14_kurzgeschichte_vertieft_deutung_planen;schueler/de_k8_st14_kurzgeschichte_vertieft_deutung_planen_app.html;lehrer/de_k8_st14_kurzgeschichte_vertieft_deutung_planen_orga.html;de_08_kurzgeschichte_vertieft_014_deutung_planen.html
8;15;Schreiben;Kurzgeschichten vertieft deuten: Interpretationsskizze gestalten;de_k8_st15_kurzgeschichte_vertieft_produkt;schueler/de_k8_st15_kurzgeschichte_vertieft_produkt_app.html;lehrer/de_k8_st15_kurzgeschichte_vertieft_produkt_orga.html;de_08_kurzgeschichte_vertieft_015_produkt.html
8;16;Sprechen und Zuhören;Kurzgeschichten vertieft deuten: Ergebnisse präsentieren und reflektieren;de_k8_st16_kurzgeschichte_vertieft_praesentieren;schueler/de_k8_st16_kurzgeschichte_vertieft_praesentieren_app.html;lehrer/de_k8_st16_kurzgeschichte_vertieft_praesentieren_orga.html;de_08_kurzgeschichte_vertieft_016_praesentieren.html
8;17;Sprechen und Zuhören;Balladen und Erlebnislyrik: Hör- oder Leseeinstieg gestalten;de_k8_st17_lyrik_einstieg;schueler/de_k8_st17_lyrik_einstieg_app.html;lehrer/de_k8_st17_lyrik_einstieg_orga.html;de_08_lyrik_017_einstieg.html
8;18;Lesen/Umgang mit Texten;Balladen und Erlebnislyrik: Den Text mit Lesestrategien erschließen;de_k8_st18_lyrik_erschliessen;schueler/de_k8_st18_lyrik_erschliessen_app.html;lehrer/de_k8_st18_lyrik_erschliessen_orga.html;de_08_lyrik_018_erschliessen.html
8;19;Lesen/Umgang mit Texten;Balladen und Erlebnislyrik: Gattungsmerkmale erkennen;de_k8_st19_lyrik_merkmale;schueler/de_k8_st19_lyrik_merkmale_app.html;lehrer/de_k8_st19_lyrik_merkmale_orga.html;de_08_lyrik_019_merkmale.html
8;20;Lesen/Umgang mit Texten;Balladen und Erlebnislyrik: Figuren, Handlung und Konflikt untersuchen;de_k8_st20_lyrik_figuren_handlung;schueler/de_k8_st20_lyrik_figuren_handlung_app.html;lehrer/de_k8_st20_lyrik_figuren_handlung_orga.html;de_08_lyrik_020_figuren_handlung.html
8;21;Sprache untersuchen;Balladen und Erlebnislyrik: Sprache und Wirkung untersuchen;de_k8_st21_lyrik_sprache_wirkung;schueler/de_k8_st21_lyrik_sprache_wirkung_app.html;lehrer/de_k8_st21_lyrik_sprache_wirkung_orga.html;de_08_lyrik_021_sprache_wirkung.html
8;22;Schreiben;Balladen und Erlebnislyrik: Eine Deutung oder Perspektive vorbereiten;de_k8_st22_lyrik_deutung_planen;schueler/de_k8_st22_lyrik_deutung_planen_app.html;lehrer/de_k8_st22_lyrik_deutung_planen_orga.html;de_08_lyrik_022_deutung_planen.html
8;23;Schreiben;Balladen und Erlebnislyrik: Gedichtvergleich oder Vortrag gestalten;de_k8_st23_lyrik_produkt;schueler/de_k8_st23_lyrik_produkt_app.html;lehrer/de_k8_st23_lyrik_produkt_orga.html;de_08_lyrik_023_produkt.html
8;24;Sprechen und Zuhören;Balladen und Erlebnislyrik: Ergebnisse präsentieren und reflektieren;de_k8_st24_lyrik_praesentieren;schueler/de_k8_st24_lyrik_praesentieren_app.html;lehrer/de_k8_st24_lyrik_praesentieren_orga.html;de_08_lyrik_024_praesentieren.html
8;1;Sprechen und Zuhören;Lesen und Medien vergleichen: Vorwissen und Positionen klären;de_k8_st01_medienvergleich_einstieg;schueler/de_k8_st01_medienvergleich_einstieg_app.html;lehrer/de_k8_st01_medienvergleich_einstieg_orga.html;de_08_medienvergleich_001_einstieg.html
8;2;Lesen/Umgang mit Texten;Lesen und Medien vergleichen: Quellen und Materialien erschließen;de_k8_st02_medienvergleich_quellen;schueler/de_k8_st02_medienvergleich_quellen_app.html;lehrer/de_k8_st02_medienvergleich_quellen_orga.html;de_08_medienvergleich_002_quellen.html
8;3;Lesen/Umgang mit Texten;Lesen und Medien vergleichen: Qualitätskriterien anwenden;de_k8_st03_medienvergleich_kriterien;schueler/de_k8_st03_medienvergleich_kriterien_app.html;lehrer/de_k8_st03_medienvergleich_kriterien_orga.html;de_08_medienvergleich_003_kriterien.html
8;4;Lesen/Umgang mit Texten;Lesen und Medien vergleichen: Darstellungen vergleichen;de_k8_st04_medienvergleich_vergleichen;schueler/de_k8_st04_medienvergleich_vergleichen_app.html;lehrer/de_k8_st04_medienvergleich_vergleichen_orga.html;de_08_medienvergleich_004_vergleichen.html
8;5;Schreiben;Lesen und Medien vergleichen: Informationen prüfen und ordnen;de_k8_st05_medienvergleich_recherche;schueler/de_k8_st05_medienvergleich_recherche_app.html;lehrer/de_k8_st05_medienvergleich_recherche_orga.html;de_08_medienvergleich_005_recherche.html
8;6;Schreiben;Lesen und Medien vergleichen: Produkt planen;de_k8_st06_medienvergleich_planen;schueler/de_k8_st06_medienvergleich_planen_app.html;lehrer/de_k8_st06_medienvergleich_planen_orga.html;de_08_medienvergleich_006_planen.html
8;7;Schreiben;Lesen und Medien vergleichen: Produkt erstellen;de_k8_st07_medienvergleich_erstellen;schueler/de_k8_st07_medienvergleich_erstellen_app.html;lehrer/de_k8_st07_medienvergleich_erstellen_orga.html;de_08_medienvergleich_007_erstellen.html
8;8;Sprechen und Zuhören;Lesen und Medien vergleichen: Präsentieren und reflektieren;de_k8_st08_medienvergleich_reflexion;schueler/de_k8_st08_medienvergleich_reflexion_app.html;lehrer/de_k8_st08_medienvergleich_reflexion_orga.html;de_08_medienvergleich_008_reflexion.html
8;65;Sprechen und Zuhören;Nachrichten, Meinung und Falschinformation: Vorwissen und Positionen klären;de_k8_st65_nachrichten_einstieg;schueler/de_k8_st65_nachrichten_einstieg_app.html;lehrer/de_k8_st65_nachrichten_einstieg_orga.html;de_08_nachrichten_065_einstieg.html
8;66;Lesen/Umgang mit Texten;Nachrichten, Meinung und Falschinformation: Quellen und Materialien erschließen;de_k8_st66_nachrichten_quellen;schueler/de_k8_st66_nachrichten_quellen_app.html;lehrer/de_k8_st66_nachrichten_quellen_orga.html;de_08_nachrichten_066_quellen.html
8;67;Lesen/Umgang mit Texten;Nachrichten, Meinung und Falschinformation: Qualitätskriterien anwenden;de_k8_st67_nachrichten_kriterien;schueler/de_k8_st67_nachrichten_kriterien_app.html;lehrer/de_k8_st67_nachrichten_kriterien_orga.html;de_08_nachrichten_067_kriterien.html
8;68;Lesen/Umgang mit Texten;Nachrichten, Meinung und Falschinformation: Darstellungen vergleichen;de_k8_st68_nachrichten_vergleichen;schueler/de_k8_st68_nachrichten_vergleichen_app.html;lehrer/de_k8_st68_nachrichten_vergleichen_orga.html;de_08_nachrichten_068_vergleichen.html
8;69;Schreiben;Nachrichten, Meinung und Falschinformation: Informationen prüfen und ordnen;de_k8_st69_nachrichten_recherche;schueler/de_k8_st69_nachrichten_recherche_app.html;lehrer/de_k8_st69_nachrichten_recherche_orga.html;de_08_nachrichten_069_recherche.html
8;70;Schreiben;Nachrichten, Meinung und Falschinformation: Produkt planen;de_k8_st70_nachrichten_planen;schueler/de_k8_st70_nachrichten_planen_app.html;lehrer/de_k8_st70_nachrichten_planen_orga.html;de_08_nachrichten_070_planen.html
8;71;Schreiben;Nachrichten, Meinung und Falschinformation: Produkt erstellen;de_k8_st71_nachrichten_erstellen;schueler/de_k8_st71_nachrichten_erstellen_app.html;lehrer/de_k8_st71_nachrichten_erstellen_orga.html;de_08_nachrichten_071_erstellen.html
8;72;Sprechen und Zuhören;Nachrichten, Meinung und Falschinformation: Präsentieren und reflektieren;de_k8_st72_nachrichten_reflexion;schueler/de_k8_st72_nachrichten_reflexion_app.html;lehrer/de_k8_st72_nachrichten_reflexion_orga.html;de_08_nachrichten_072_reflexion.html
8;49;Sprechen und Zuhören;Novelle oder Jugendroman: Hör- oder Leseeinstieg gestalten;de_k8_st49_novelle_einstieg;schueler/de_k8_st49_novelle_einstieg_app.html;lehrer/de_k8_st49_novelle_einstieg_orga.html;de_08_novelle_049_einstieg.html
8;50;Lesen/Umgang mit Texten;Novelle oder Jugendroman: Den Text mit Lesestrategien erschließen;de_k8_st50_novelle_erschliessen;schueler/de_k8_st50_novelle_erschliessen_app.html;lehrer/de_k8_st50_novelle_erschliessen_orga.html;de_08_novelle_050_erschliessen.html
8;51;Lesen/Umgang mit Texten;Novelle oder Jugendroman: Gattungsmerkmale erkennen;de_k8_st51_novelle_merkmale;schueler/de_k8_st51_novelle_merkmale_app.html;lehrer/de_k8_st51_novelle_merkmale_orga.html;de_08_novelle_051_merkmale.html
8;52;Lesen/Umgang mit Texten;Novelle oder Jugendroman: Figuren, Handlung und Konflikt untersuchen;de_k8_st52_novelle_figuren_handlung;schueler/de_k8_st52_novelle_figuren_handlung_app.html;lehrer/de_k8_st52_novelle_figuren_handlung_orga.html;de_08_novelle_052_figuren_handlung.html
8;53;Sprache untersuchen;Novelle oder Jugendroman: Sprache und Wirkung untersuchen;de_k8_st53_novelle_sprache_wirkung;schueler/de_k8_st53_novelle_sprache_wirkung_app.html;lehrer/de_k8_st53_novelle_sprache_wirkung_orga.html;de_08_novelle_053_sprache_wirkung.html
8;54;Schreiben;Novelle oder Jugendroman: Eine Deutung oder Perspektive vorbereiten;de_k8_st54_novelle_deutung_planen;schueler/de_k8_st54_novelle_deutung_planen_app.html;lehrer/de_k8_st54_novelle_deutung_planen_orga.html;de_08_novelle_054_deutung_planen.html
8;55;Schreiben;Novelle oder Jugendroman: Lesedossier gestalten;de_k8_st55_novelle_produkt;schueler/de_k8_st55_novelle_produkt_app.html;lehrer/de_k8_st55_novelle_produkt_orga.html;de_08_novelle_055_produkt.html
8;56;Sprechen und Zuhören;Novelle oder Jugendroman: Ergebnisse präsentieren und reflektieren;de_k8_st56_novelle_praesentieren;schueler/de_k8_st56_novelle_praesentieren_app.html;lehrer/de_k8_st56_novelle_praesentieren_orga.html;de_08_novelle_056_praesentieren.html
8;57;Lesen/Umgang mit Texten;Praktikumsbericht und Berufswelt: Beispieltexte untersuchen;de_k8_st57_praktikumsbericht_beispiel;schueler/de_k8_st57_praktikumsbericht_beispiel_app.html;lehrer/de_k8_st57_praktikumsbericht_beispiel_orga.html;de_08_praktikumsbericht_057_beispiel.html
8;58;Schreiben;Praktikumsbericht und Berufswelt: Schreibziel und Kriterien klären;de_k8_st58_praktikumsbericht_kriterien;schueler/de_k8_st58_praktikumsbericht_kriterien_app.html;lehrer/de_k8_st58_praktikumsbericht_kriterien_orga.html;de_08_praktikumsbericht_058_kriterien.html
8;59;Lesen/Umgang mit Texten;Praktikumsbericht und Berufswelt: Inhalte auswählen und ordnen;de_k8_st59_praktikumsbericht_inhalte_ordnen;schueler/de_k8_st59_praktikumsbericht_inhalte_ordnen_app.html;lehrer/de_k8_st59_praktikumsbericht_inhalte_ordnen_orga.html;de_08_praktikumsbericht_059_inhalte_ordnen.html
8;60;Sprache untersuchen;Praktikumsbericht und Berufswelt: Passende sprachliche Mittel verwenden;de_k8_st60_praktikumsbericht_sprachmittel;schueler/de_k8_st60_praktikumsbericht_sprachmittel_app.html;lehrer/de_k8_st60_praktikumsbericht_sprachmittel_orga.html;de_08_praktikumsbericht_060_sprachmittel.html
8;61;Schreiben;Praktikumsbericht und Berufswelt: Einen Schreibplan erstellen;de_k8_st61_praktikumsbericht_schreibplan;schueler/de_k8_st61_praktikumsbericht_schreibplan_app.html;lehrer/de_k8_st61_praktikumsbericht_schreibplan_orga.html;de_08_praktikumsbericht_061_schreibplan.html
8;62;Schreiben;Praktikumsbericht und Berufswelt: Einen ersten Textentwurf verfassen;de_k8_st62_praktikumsbericht_entwurf;schueler/de_k8_st62_praktikumsbericht_entwurf_app.html;lehrer/de_k8_st62_praktikumsbericht_entwurf_orga.html;de_08_praktikumsbericht_062_entwurf.html
8;63;Schreiben;Praktikumsbericht und Berufswelt: Text kriteriengeleitet überarbeiten;de_k8_st63_praktikumsbericht_ueberarbeiten;schueler/de_k8_st63_praktikumsbericht_ueberarbeiten_app.html;lehrer/de_k8_st63_praktikumsbericht_ueberarbeiten_orga.html;de_08_praktikumsbericht_063_ueberarbeiten.html
8;64;Sprechen und Zuhören;Praktikumsbericht und Berufswelt: Texte vorstellen und bewerten;de_k8_st64_praktikumsbericht_vorstellen;schueler/de_k8_st64_praktikumsbericht_vorstellen_app.html;lehrer/de_k8_st64_praktikumsbericht_vorstellen_orga.html;de_08_praktikumsbericht_064_vorstellen.html
8;41;Sprache untersuchen;Satzgefüge und Kommasetzung: Lernstand feststellen;de_k8_st41_satzgefuege_diagnose;schueler/de_k8_st41_satzgefuege_diagnose_app.html;lehrer/de_k8_st41_satzgefuege_diagnose_orga.html;de_08_satzgefuege_041_diagnose.html
8;42;Sprache untersuchen;Satzgefüge und Kommasetzung: Grundbegriffe sichern;de_k8_st42_satzgefuege_grundbegriffe;schueler/de_k8_st42_satzgefuege_grundbegriffe_app.html;lehrer/de_k8_st42_satzgefuege_grundbegriffe_orga.html;de_08_satzgefuege_042_grundbegriffe.html
8;43;Sprache untersuchen;Satzgefüge und Kommasetzung: Verfahren anwenden;de_k8_st43_satzgefuege_verfahren;schueler/de_k8_st43_satzgefuege_verfahren_app.html;lehrer/de_k8_st43_satzgefuege_verfahren_orga.html;de_08_satzgefuege_043_verfahren.html
8;44;Sprache untersuchen;Satzgefüge und Kommasetzung: Formen und Funktionen untersuchen;de_k8_st44_satzgefuege_funktion;schueler/de_k8_st44_satzgefuege_funktion_app.html;lehrer/de_k8_st44_satzgefuege_funktion_orga.html;de_08_satzgefuege_044_funktion.html
8;45;Schreiben;Satzgefüge und Kommasetzung: Wissen im eigenen Text nutzen;de_k8_st45_satzgefuege_anwenden;schueler/de_k8_st45_satzgefuege_anwenden_app.html;lehrer/de_k8_st45_satzgefuege_anwenden_orga.html;de_08_satzgefuege_045_anwenden.html
8;46;Sprache untersuchen;Satzgefüge und Kommasetzung: Fehler finden und korrigieren;de_k8_st46_satzgefuege_fehler;schueler/de_k8_st46_satzgefuege_fehler_app.html;lehrer/de_k8_st46_satzgefuege_fehler_orga.html;de_08_satzgefuege_046_fehler.html
8;47;Sprache untersuchen;Satzgefüge und Kommasetzung: Transfer auf unbekannte Beispiele;de_k8_st47_satzgefuege_transfer;schueler/de_k8_st47_satzgefuege_transfer_app.html;lehrer/de_k8_st47_satzgefuege_transfer_orga.html;de_08_satzgefuege_047_transfer.html
8;48;Schreiben;Satzgefüge und Kommasetzung: Lernprodukt und Kompetenzcheck;de_k8_st48_satzgefuege_kompetenzcheck;schueler/de_k8_st48_satzgefuege_kompetenzcheck_app.html;lehrer/de_k8_st48_satzgefuege_kompetenzcheck_orga.html;de_08_satzgefuege_048_kompetenzcheck.html
9;57;Lesen/Umgang mit Texten;Bewerbung und Lebenslauf: Beispieltexte untersuchen;de_k9_st57_bewerbung_beispiel;schueler/de_k9_st57_bewerbung_beispiel_app.html;lehrer/de_k9_st57_bewerbung_beispiel_orga.html;de_09_bewerbung_057_beispiel.html
9;58;Schreiben;Bewerbung und Lebenslauf: Schreibziel und Kriterien klären;de_k9_st58_bewerbung_kriterien;schueler/de_k9_st58_bewerbung_kriterien_app.html;lehrer/de_k9_st58_bewerbung_kriterien_orga.html;de_09_bewerbung_058_kriterien.html
9;59;Lesen/Umgang mit Texten;Bewerbung und Lebenslauf: Inhalte auswählen und ordnen;de_k9_st59_bewerbung_inhalte_ordnen;schueler/de_k9_st59_bewerbung_inhalte_ordnen_app.html;lehrer/de_k9_st59_bewerbung_inhalte_ordnen_orga.html;de_09_bewerbung_059_inhalte_ordnen.html
9;60;Sprache untersuchen;Bewerbung und Lebenslauf: Passende sprachliche Mittel verwenden;de_k9_st60_bewerbung_sprachmittel;schueler/de_k9_st60_bewerbung_sprachmittel_app.html;lehrer/de_k9_st60_bewerbung_sprachmittel_orga.html;de_09_bewerbung_060_sprachmittel.html
9;61;Schreiben;Bewerbung und Lebenslauf: Einen Schreibplan erstellen;de_k9_st61_bewerbung_schreibplan;schueler/de_k9_st61_bewerbung_schreibplan_app.html;lehrer/de_k9_st61_bewerbung_schreibplan_orga.html;de_09_bewerbung_061_schreibplan.html
9;62;Schreiben;Bewerbung und Lebenslauf: Einen ersten Textentwurf verfassen;de_k9_st62_bewerbung_entwurf;schueler/de_k9_st62_bewerbung_entwurf_app.html;lehrer/de_k9_st62_bewerbung_entwurf_orga.html;de_09_bewerbung_062_entwurf.html
9;63;Schreiben;Bewerbung und Lebenslauf: Text kriteriengeleitet überarbeiten;de_k9_st63_bewerbung_ueberarbeiten;schueler/de_k9_st63_bewerbung_ueberarbeiten_app.html;lehrer/de_k9_st63_bewerbung_ueberarbeiten_orga.html;de_09_bewerbung_063_ueberarbeiten.html
9;64;Sprechen und Zuhören;Bewerbung und Lebenslauf: Texte vorstellen und bewerten;de_k9_st64_bewerbung_vorstellen;schueler/de_k9_st64_bewerbung_vorstellen_app.html;lehrer/de_k9_st64_bewerbung_vorstellen_orga.html;de_09_bewerbung_064_vorstellen.html
9;25;Lesen/Umgang mit Texten;Inhaltsangabe und Charakteristik verbinden: Beispieltexte untersuchen;de_k9_st25_charakteristik_beispiel;schueler/de_k9_st25_charakteristik_beispiel_app.html;lehrer/de_k9_st25_charakteristik_beispiel_orga.html;de_09_charakteristik_025_beispiel.html
9;26;Schreiben;Inhaltsangabe und Charakteristik verbinden: Schreibziel und Kriterien klären;de_k9_st26_charakteristik_kriterien;schueler/de_k9_st26_charakteristik_kriterien_app.html;lehrer/de_k9_st26_charakteristik_kriterien_orga.html;de_09_charakteristik_026_kriterien.html
9;27;Lesen/Umgang mit Texten;Inhaltsangabe und Charakteristik verbinden: Inhalte auswählen und ordnen;de_k9_st27_charakteristik_inhalte_ordnen;schueler/de_k9_st27_charakteristik_inhalte_ordnen_app.html;lehrer/de_k9_st27_charakteristik_inhalte_ordnen_orga.html;de_09_charakteristik_027_inhalte_ordnen.html
9;28;Sprache untersuchen;Inhaltsangabe und Charakteristik verbinden: Passende sprachliche Mittel verwenden;de_k9_st28_charakteristik_sprachmittel;schueler/de_k9_st28_charakteristik_sprachmittel_app.html;lehrer/de_k9_st28_charakteristik_sprachmittel_orga.html;de_09_charakteristik_028_sprachmittel.html
9;29;Schreiben;Inhaltsangabe und Charakteristik verbinden: Einen Schreibplan erstellen;de_k9_st29_charakteristik_schreibplan;schueler/de_k9_st29_charakteristik_schreibplan_app.html;lehrer/de_k9_st29_charakteristik_schreibplan_orga.html;de_09_charakteristik_029_schreibplan.html
9;30;Schreiben;Inhaltsangabe und Charakteristik verbinden: Einen ersten Textentwurf verfassen;de_k9_st30_charakteristik_entwurf;schueler/de_k9_st30_charakteristik_entwurf_app.html;lehrer/de_k9_st30_charakteristik_entwurf_orga.html;de_09_charakteristik_030_entwurf.html
9;31;Schreiben;Inhaltsangabe und Charakteristik verbinden: Text kriteriengeleitet überarbeiten;de_k9_st31_charakteristik_ueberarbeiten;schueler/de_k9_st31_charakteristik_ueberarbeiten_app.html;lehrer/de_k9_st31_charakteristik_ueberarbeiten_orga.html;de_09_charakteristik_031_ueberarbeiten.html
9;32;Sprechen und Zuhören;Inhaltsangabe und Charakteristik verbinden: Texte vorstellen und bewerten;de_k9_st32_charakteristik_vorstellen;schueler/de_k9_st32_charakteristik_vorstellen_app.html;lehrer/de_k9_st32_charakteristik_vorstellen_orga.html;de_09_charakteristik_032_vorstellen.html
9;1;Sprechen und Zuhören;Lernstand und Prüfungsformate: Vorwissen und Positionen klären;de_k9_st01_diagnose_einstieg;schueler/de_k9_st01_diagnose_einstieg_app.html;lehrer/de_k9_st01_diagnose_einstieg_orga.html;de_09_diagnose_001_einstieg.html
9;2;Lesen/Umgang mit Texten;Lernstand und Prüfungsformate: Quellen und Materialien erschließen;de_k9_st02_diagnose_quellen;schueler/de_k9_st02_diagnose_quellen_app.html;lehrer/de_k9_st02_diagnose_quellen_orga.html;de_09_diagnose_002_quellen.html
9;3;Lesen/Umgang mit Texten;Lernstand und Prüfungsformate: Qualitätskriterien anwenden;de_k9_st03_diagnose_kriterien;schueler/de_k9_st03_diagnose_kriterien_app.html;lehrer/de_k9_st03_diagnose_kriterien_orga.html;de_09_diagnose_003_kriterien.html
9;4;Lesen/Umgang mit Texten;Lernstand und Prüfungsformate: Darstellungen vergleichen;de_k9_st04_diagnose_vergleichen;schueler/de_k9_st04_diagnose_vergleichen_app.html;lehrer/de_k9_st04_diagnose_vergleichen_orga.html;de_09_diagnose_004_vergleichen.html
9;5;Schreiben;Lernstand und Prüfungsformate: Informationen prüfen und ordnen;de_k9_st05_diagnose_recherche;schueler/de_k9_st05_diagnose_recherche_app.html;lehrer/de_k9_st05_diagnose_recherche_orga.html;de_09_diagnose_005_recherche.html
9;6;Schreiben;Lernstand und Prüfungsformate: Produkt planen;de_k9_st06_diagnose_planen;schueler/de_k9_st06_diagnose_planen_app.html;lehrer/de_k9_st06_diagnose_planen_orga.html;de_09_diagnose_006_planen.html
9;7;Schreiben;Lernstand und Prüfungsformate: Produkt erstellen;de_k9_st07_diagnose_erstellen;schueler/de_k9_st07_diagnose_erstellen_app.html;lehrer/de_k9_st07_diagnose_erstellen_orga.html;de_09_diagnose_007_erstellen.html
9;8;Sprechen und Zuhören;Lernstand und Prüfungsformate: Präsentieren und reflektieren;de_k9_st08_diagnose_reflexion;schueler/de_k9_st08_diagnose_reflexion_app.html;lehrer/de_k9_st08_diagnose_reflexion_orga.html;de_09_diagnose_008_reflexion.html
9;17;Sprechen und Zuhören;Drama: Konflikt auf der Bühne: Hör- oder Leseeinstieg gestalten;de_k9_st17_drama_einstieg;schueler/de_k9_st17_drama_einstieg_app.html;lehrer/de_k9_st17_drama_einstieg_orga.html;de_09_drama_017_einstieg.html
9;18;Lesen/Umgang mit Texten;Drama: Konflikt auf der Bühne: den Text mit Lesestrategien erschließen;de_k9_st18_drama_erschliessen;schueler/de_k9_st18_drama_erschliessen_app.html;lehrer/de_k9_st18_drama_erschliessen_orga.html;de_09_drama_018_erschliessen.html
9;19;Lesen/Umgang mit Texten;Drama: Konflikt auf der Bühne: Gattungsmerkmale erkennen;de_k9_st19_drama_merkmale;schueler/de_k9_st19_drama_merkmale_app.html;lehrer/de_k9_st19_drama_merkmale_orga.html;de_09_drama_019_merkmale.html
9;20;Lesen/Umgang mit Texten;Drama: Konflikt auf der Bühne: Figuren, Handlung und Konflikt untersuchen;de_k9_st20_drama_figuren_handlung;schueler/de_k9_st20_drama_figuren_handlung_app.html;lehrer/de_k9_st20_drama_figuren_handlung_orga.html;de_09_drama_020_figuren_handlung.html
9;21;Sprache untersuchen;Drama: Konflikt auf der Bühne: Sprache und Wirkung untersuchen;de_k9_st21_drama_sprache_wirkung;schueler/de_k9_st21_drama_sprache_wirkung_app.html;lehrer/de_k9_st21_drama_sprache_wirkung_orga.html;de_09_drama_021_sprache_wirkung.html
9;22;Schreiben;Drama: Konflikt auf der Bühne: eine Deutung oder Perspektive vorbereiten;de_k9_st22_drama_deutung_planen;schueler/de_k9_st22_drama_deutung_planen_app.html;lehrer/de_k9_st22_drama_deutung_planen_orga.html;de_09_drama_022_deutung_planen.html
9;23;Schreiben;Drama: Konflikt auf der Bühne: Szenenanalyse gestalten;de_k9_st23_drama_produkt;schueler/de_k9_st23_drama_produkt_app.html;lehrer/de_k9_st23_drama_produkt_orga.html;de_09_drama_023_produkt.html
9;24;Sprechen und Zuhören;Drama: Konflikt auf der Bühne: Ergebnisse präsentieren und reflektieren;de_k9_st24_drama_praesentieren;schueler/de_k9_st24_drama_praesentieren_app.html;lehrer/de_k9_st24_drama_praesentieren_orga.html;de_09_drama_024_praesentieren.html
9;33;Lesen/Umgang mit Texten;Argumentieren und erörtern: Beispieltexte untersuchen;de_k9_st33_eroerterung_beispiel;schueler/de_k9_st33_eroerterung_beispiel_app.html;lehrer/de_k9_st33_eroerterung_beispiel_orga.html;de_09_eroerterung_033_beispiel.html
9;34;Schreiben;Argumentieren und erörtern: Schreibziel und Kriterien klären;de_k9_st34_eroerterung_kriterien;schueler/de_k9_st34_eroerterung_kriterien_app.html;lehrer/de_k9_st34_eroerterung_kriterien_orga.html;de_09_eroerterung_034_kriterien.html
9;35;Lesen/Umgang mit Texten;Argumentieren und erörtern: Inhalte auswählen und ordnen;de_k9_st35_eroerterung_inhalte_ordnen;schueler/de_k9_st35_eroerterung_inhalte_ordnen_app.html;lehrer/de_k9_st35_eroerterung_inhalte_ordnen_orga.html;de_09_eroerterung_035_inhalte_ordnen.html
9;36;Sprache untersuchen;Argumentieren und erörtern: Passende sprachliche Mittel verwenden;de_k9_st36_eroerterung_sprachmittel;schueler/de_k9_st36_eroerterung_sprachmittel_app.html;lehrer/de_k9_st36_eroerterung_sprachmittel_orga.html;de_09_eroerterung_036_sprachmittel.html
9;37;Schreiben;Argumentieren und erörtern: Einen Schreibplan erstellen;de_k9_st37_eroerterung_schreibplan;schueler/de_k9_st37_eroerterung_schreibplan_app.html;lehrer/de_k9_st37_eroerterung_schreibplan_orga.html;de_09_eroerterung_037_schreibplan.html
9;38;Schreiben;Argumentieren und erörtern: Einen ersten Textentwurf verfassen;de_k9_st38_eroerterung_entwurf;schueler/de_k9_st38_eroerterung_entwurf_app.html;lehrer/de_k9_st38_eroerterung_entwurf_orga.html;de_09_eroerterung_038_entwurf.html
9;39;Schreiben;Argumentieren und erörtern: Text kriteriengeleitet überarbeiten;de_k9_st39_eroerterung_ueberarbeiten;schueler/de_k9_st39_eroerterung_ueberarbeiten_app.html;lehrer/de_k9_st39_eroerterung_ueberarbeiten_orga.html;de_09_eroerterung_039_ueberarbeiten.html
9;40;Sprechen und Zuhören;Argumentieren und erörtern: Texte vorstellen und bewerten;de_k9_st40_eroerterung_vorstellen;schueler/de_k9_st40_eroerterung_vorstellen_app.html;lehrer/de_k9_st40_eroerterung_vorstellen_orga.html;de_09_eroerterung_040_vorstellen.html
9;65;Sprechen und Zuhören;Gedankenlyrik und politische Lyrik: Hör- oder Leseeinstieg gestalten;de_k9_st65_lyrik_einstieg;schueler/de_k9_st65_lyrik_einstieg_app.html;lehrer/de_k9_st65_lyrik_einstieg_orga.html;de_09_lyrik_065_einstieg.html
9;66;Lesen/Umgang mit Texten;Gedankenlyrik und politische Lyrik: Den Text mit Lesestrategien erschließen;de_k9_st66_lyrik_erschliessen;schueler/de_k9_st66_lyrik_erschliessen_app.html;lehrer/de_k9_st66_lyrik_erschliessen_orga.html;de_09_lyrik_066_erschliessen.html
9;67;Lesen/Umgang mit Texten;Gedankenlyrik und politische Lyrik: Gattungsmerkmale erkennen;de_k9_st67_lyrik_merkmale;schueler/de_k9_st67_lyrik_merkmale_app.html;lehrer/de_k9_st67_lyrik_merkmale_orga.html;de_09_lyrik_067_merkmale.html
9;68;Lesen/Umgang mit Texten;Gedankenlyrik und politische Lyrik: Figuren, Handlung und Konflikt untersuchen;de_k9_st68_lyrik_figuren_handlung;schueler/de_k9_st68_lyrik_figuren_handlung_app.html;lehrer/de_k9_st68_lyrik_figuren_handlung_orga.html;de_09_lyrik_068_figuren_handlung.html
9;69;Sprache untersuchen;Gedankenlyrik und politische Lyrik: Sprache und Wirkung untersuchen;de_k9_st69_lyrik_sprache_wirkung;schueler/de_k9_st69_lyrik_sprache_wirkung_app.html;lehrer/de_k9_st69_lyrik_sprache_wirkung_orga.html;de_09_lyrik_069_sprache_wirkung.html
9;70;Schreiben;Gedankenlyrik und politische Lyrik: Eine Deutung oder Perspektive vorbereiten;de_k9_st70_lyrik_deutung_planen;schueler/de_k9_st70_lyrik_deutung_planen_app.html;lehrer/de_k9_st70_lyrik_deutung_planen_orga.html;de_09_lyrik_070_deutung_planen.html
9;71;Schreiben;Gedankenlyrik und politische Lyrik: Gedichtanalyse oder Vergleich gestalten;de_k9_st71_lyrik_produkt;schueler/de_k9_st71_lyrik_produkt_app.html;lehrer/de_k9_st71_lyrik_produkt_orga.html;de_09_lyrik_071_produkt.html
9;72;Sprechen und Zuhören;Gedankenlyrik und politische Lyrik: Ergebnisse präsentieren und reflektieren;de_k9_st72_lyrik_praesentieren;schueler/de_k9_st72_lyrik_praesentieren_app.html;lehrer/de_k9_st72_lyrik_praesentieren_orga.html;de_09_lyrik_072_praesentieren.html
9;41;Sprechen und Zuhören;Medienkritik und soziale Netzwerke: Vorwissen und Positionen klären;de_k9_st41_medienkritik_einstieg;schueler/de_k9_st41_medienkritik_einstieg_app.html;lehrer/de_k9_st41_medienkritik_einstieg_orga.html;de_09_medienkritik_041_einstieg.html
9;42;Lesen/Umgang mit Texten;Medienkritik und soziale Netzwerke: Quellen und Materialien erschließen;de_k9_st42_medienkritik_quellen;schueler/de_k9_st42_medienkritik_quellen_app.html;lehrer/de_k9_st42_medienkritik_quellen_orga.html;de_09_medienkritik_042_quellen.html
9;43;Lesen/Umgang mit Texten;Medienkritik und soziale Netzwerke: Qualitätskriterien anwenden;de_k9_st43_medienkritik_kriterien;schueler/de_k9_st43_medienkritik_kriterien_app.html;lehrer/de_k9_st43_medienkritik_kriterien_orga.html;de_09_medienkritik_043_kriterien.html
9;44;Lesen/Umgang mit Texten;Medienkritik und soziale Netzwerke: Darstellungen vergleichen;de_k9_st44_medienkritik_vergleichen;schueler/de_k9_st44_medienkritik_vergleichen_app.html;lehrer/de_k9_st44_medienkritik_vergleichen_orga.html;de_09_medienkritik_044_vergleichen.html
9;45;Schreiben;Medienkritik und soziale Netzwerke: Informationen prüfen und ordnen;de_k9_st45_medienkritik_recherche;schueler/de_k9_st45_medienkritik_recherche_app.html;lehrer/de_k9_st45_medienkritik_recherche_orga.html;de_09_medienkritik_045_recherche.html
9;46;Schreiben;Medienkritik und soziale Netzwerke: Produkt planen;de_k9_st46_medienkritik_planen;schueler/de_k9_st46_medienkritik_planen_app.html;lehrer/de_k9_st46_medienkritik_planen_orga.html;de_09_medienkritik_046_planen.html
9;47;Schreiben;Medienkritik und soziale Netzwerke: Produkt erstellen;de_k9_st47_medienkritik_erstellen;schueler/de_k9_st47_medienkritik_erstellen_app.html;lehrer/de_k9_st47_medienkritik_erstellen_orga.html;de_09_medienkritik_047_erstellen.html
9;48;Sprechen und Zuhören;Medienkritik und soziale Netzwerke: Präsentieren und reflektieren;de_k9_st48_medienkritik_reflexion;schueler/de_k9_st48_medienkritik_reflexion_app.html;lehrer/de_k9_st48_medienkritik_reflexion_orga.html;de_09_medienkritik_048_reflexion.html
9;81;Sprechen und Zuhören;Debatte, Referat und mündliche Prüfung: Vorwissen und Positionen klären;de_k9_st81_muendlich_einstieg;schueler/de_k9_st81_muendlich_einstieg_app.html;lehrer/de_k9_st81_muendlich_einstieg_orga.html;de_09_muendlich_081_einstieg.html
9;82;Lesen/Umgang mit Texten;Debatte, Referat und mündliche Prüfung: Quellen und Materialien erschließen;de_k9_st82_muendlich_quellen;schueler/de_k9_st82_muendlich_quellen_app.html;lehrer/de_k9_st82_muendlich_quellen_orga.html;de_09_muendlich_082_quellen.html
9;83;Lesen/Umgang mit Texten;Debatte, Referat und mündliche Prüfung: Qualitätskriterien anwenden;de_k9_st83_muendlich_kriterien;schueler/de_k9_st83_muendlich_kriterien_app.html;lehrer/de_k9_st83_muendlich_kriterien_orga.html;de_09_muendlich_083_kriterien.html
9;84;Lesen/Umgang mit Texten;Debatte, Referat und mündliche Prüfung: Darstellungen vergleichen;de_k9_st84_muendlich_vergleichen;schueler/de_k9_st84_muendlich_vergleichen_app.html;lehrer/de_k9_st84_muendlich_vergleichen_orga.html;de_09_muendlich_084_vergleichen.html
9;85;Schreiben;Debatte, Referat und mündliche Prüfung: Informationen prüfen und ordnen;de_k9_st85_muendlich_recherche;schueler/de_k9_st85_muendlich_recherche_app.html;lehrer/de_k9_st85_muendlich_recherche_orga.html;de_09_muendlich_085_recherche.html
9;86;Schreiben;Debatte, Referat und mündliche Prüfung: Produkt planen;de_k9_st86_muendlich_planen;schueler/de_k9_st86_muendlich_planen_app.html;lehrer/de_k9_st86_muendlich_planen_orga.html;de_09_muendlich_086_planen.html
9;87;Schreiben;Debatte, Referat und mündliche Prüfung: Produkt erstellen;de_k9_st87_muendlich_erstellen;schueler/de_k9_st87_muendlich_erstellen_app.html;lehrer/de_k9_st87_muendlich_erstellen_orga.html;de_09_muendlich_087_erstellen.html
9;88;Sprechen und Zuhören;Debatte, Referat und mündliche Prüfung: Präsentieren und reflektieren;de_k9_st88_muendlich_reflexion;schueler/de_k9_st88_muendlich_reflexion_app.html;lehrer/de_k9_st88_muendlich_reflexion_orga.html;de_09_muendlich_088_reflexion.html
9;9;Sprechen und Zuhören;Kurzgeschichte und Parabel: Hör- oder Leseeinstieg gestalten;de_k9_st09_parabel_einstieg;schueler/de_k9_st09_parabel_einstieg_app.html;lehrer/de_k9_st09_parabel_einstieg_orga.html;de_09_parabel_009_einstieg.html
9;10;Lesen/Umgang mit Texten;Kurzgeschichte und Parabel: Den Text mit Lesestrategien erschließen;de_k9_st10_parabel_erschliessen;schueler/de_k9_st10_parabel_erschliessen_app.html;lehrer/de_k9_st10_parabel_erschliessen_orga.html;de_09_parabel_010_erschliessen.html
9;11;Lesen/Umgang mit Texten;Kurzgeschichte und Parabel: Gattungsmerkmale erkennen;de_k9_st11_parabel_merkmale;schueler/de_k9_st11_parabel_merkmale_app.html;lehrer/de_k9_st11_parabel_merkmale_orga.html;de_09_parabel_011_merkmale.html
9;12;Lesen/Umgang mit Texten;Kurzgeschichte und Parabel: Figuren, Handlung und Konflikt untersuchen;de_k9_st12_parabel_figuren_handlung;schueler/de_k9_st12_parabel_figuren_handlung_app.html;lehrer/de_k9_st12_parabel_figuren_handlung_orga.html;de_09_parabel_012_figuren_handlung.html
9;13;Sprache untersuchen;Kurzgeschichte und Parabel: Sprache und Wirkung untersuchen;de_k9_st13_parabel_sprache_wirkung;schueler/de_k9_st13_parabel_sprache_wirkung_app.html;lehrer/de_k9_st13_parabel_sprache_wirkung_orga.html;de_09_parabel_013_sprache_wirkung.html
9;14;Schreiben;Kurzgeschichte und Parabel: Eine Deutung oder Perspektive vorbereiten;de_k9_st14_parabel_deutung_planen;schueler/de_k9_st14_parabel_deutung_planen_app.html;lehrer/de_k9_st14_parabel_deutung_planen_orga.html;de_09_parabel_014_deutung_planen.html
9;15;Schreiben;Kurzgeschichte und Parabel: Interpretationsabschnitt gestalten;de_k9_st15_parabel_produkt;schueler/de_k9_st15_parabel_produkt_app.html;lehrer/de_k9_st15_parabel_produkt_orga.html;de_09_parabel_015_produkt.html
9;16;Sprechen und Zuhören;Kurzgeschichte und Parabel: Ergebnisse präsentieren und reflektieren;de_k9_st16_parabel_praesentieren;schueler/de_k9_st16_parabel_praesentieren_app.html;lehrer/de_k9_st16_parabel_praesentieren_orga.html;de_09_parabel_016_praesentieren.html
9;89;Sprechen und Zuhören;Prüfungsvorbereitung HSA/RSA: Vorwissen und Positionen klären;de_k9_st89_pruefung_einstieg;schueler/de_k9_st89_pruefung_einstieg_app.html;lehrer/de_k9_st89_pruefung_einstieg_orga.html;de_09_pruefung_089_einstieg.html
9;90;Lesen/Umgang mit Texten;Prüfungsvorbereitung HSA/RSA: Quellen und Materialien erschließen;de_k9_st90_pruefung_quellen;schueler/de_k9_st90_pruefung_quellen_app.html;lehrer/de_k9_st90_pruefung_quellen_orga.html;de_09_pruefung_090_quellen.html
9;91;Lesen/Umgang mit Texten;Prüfungsvorbereitung HSA/RSA: Qualitätskriterien anwenden;de_k9_st91_pruefung_kriterien;schueler/de_k9_st91_pruefung_kriterien_app.html;lehrer/de_k9_st91_pruefung_kriterien_orga.html;de_09_pruefung_091_kriterien.html
9;92;Lesen/Umgang mit Texten;Prüfungsvorbereitung HSA/RSA: Darstellungen vergleichen;de_k9_st92_pruefung_vergleichen;schueler/de_k9_st92_pruefung_vergleichen_app.html;lehrer/de_k9_st92_pruefung_vergleichen_orga.html;de_09_pruefung_092_vergleichen.html
9;93;Schreiben;Prüfungsvorbereitung HSA/RSA: Informationen prüfen und ordnen;de_k9_st93_pruefung_recherche;schueler/de_k9_st93_pruefung_recherche_app.html;lehrer/de_k9_st93_pruefung_recherche_orga.html;de_09_pruefung_093_recherche.html
9;94;Schreiben;Prüfungsvorbereitung HSA/RSA: Produkt planen;de_k9_st94_pruefung_planen;schueler/de_k9_st94_pruefung_planen_app.html;lehrer/de_k9_st94_pruefung_planen_orga.html;de_09_pruefung_094_planen.html
9;95;Schreiben;Prüfungsvorbereitung HSA/RSA: Produkt erstellen;de_k9_st95_pruefung_erstellen;schueler/de_k9_st95_pruefung_erstellen_app.html;lehrer/de_k9_st95_pruefung_erstellen_orga.html;de_09_pruefung_095_erstellen.html
9;96;Sprechen und Zuhören;Prüfungsvorbereitung HSA/RSA: Präsentieren und reflektieren;de_k9_st96_pruefung_reflexion;schueler/de_k9_st96_pruefung_reflexion_app.html;lehrer/de_k9_st96_pruefung_reflexion_orga.html;de_09_pruefung_096_reflexion.html
9;73;Sprechen und Zuhören;Sachtexte, Diagramme und Exzerpte: Vorwissen und Positionen klären;de_k9_st73_sachtexte_einstieg;schueler/de_k9_st73_sachtexte_einstieg_app.html;lehrer/de_k9_st73_sachtexte_einstieg_orga.html;de_09_sachtexte_073_einstieg.html
9;74;Lesen/Umgang mit Texten;Sachtexte, Diagramme und Exzerpte: Quellen und Materialien erschließen;de_k9_st74_sachtexte_quellen;schueler/de_k9_st74_sachtexte_quellen_app.html;lehrer/de_k9_st74_sachtexte_quellen_orga.html;de_09_sachtexte_074_quellen.html
9;75;Lesen/Umgang mit Texten;Sachtexte, Diagramme und Exzerpte: Qualitätskriterien anwenden;de_k9_st75_sachtexte_kriterien;schueler/de_k9_st75_sachtexte_kriterien_app.html;lehrer/de_k9_st75_sachtexte_kriterien_orga.html;de_09_sachtexte_075_kriterien.html
9;76;Lesen/Umgang mit Texten;Sachtexte, Diagramme und Exzerpte: Darstellungen vergleichen;de_k9_st76_sachtexte_vergleichen;schueler/de_k9_st76_sachtexte_vergleichen_app.html;lehrer/de_k9_st76_sachtexte_vergleichen_orga.html;de_09_sachtexte_076_vergleichen.html
9;77;Schreiben;Sachtexte, Diagramme und Exzerpte: Informationen prüfen und ordnen;de_k9_st77_sachtexte_recherche;schueler/de_k9_st77_sachtexte_recherche_app.html;lehrer/de_k9_st77_sachtexte_recherche_orga.html;de_09_sachtexte_077_recherche.html
9;78;Schreiben;Sachtexte, Diagramme und Exzerpte: Produkt planen;de_k9_st78_sachtexte_planen;schueler/de_k9_st78_sachtexte_planen_app.html;lehrer/de_k9_st78_sachtexte_planen_orga.html;de_09_sachtexte_078_planen.html
9;79;Schreiben;Sachtexte, Diagramme und Exzerpte: Produkt erstellen;de_k9_st79_sachtexte_erstellen;schueler/de_k9_st79_sachtexte_erstellen_app.html;lehrer/de_k9_st79_sachtexte_erstellen_orga.html;de_09_sachtexte_079_erstellen.html
9;80;Sprechen und Zuhören;Sachtexte, Diagramme und Exzerpte: Präsentieren und reflektieren;de_k9_st80_sachtexte_reflexion;schueler/de_k9_st80_sachtexte_reflexion_app.html;lehrer/de_k9_st80_sachtexte_reflexion_orga.html;de_09_sachtexte_080_reflexion.html
9;49;Sprache untersuchen;Grammatik, Stil und Zeichensetzung: Lernstand feststellen;de_k9_st49_sprache_diagnose;schueler/de_k9_st49_sprache_diagnose_app.html;lehrer/de_k9_st49_sprache_diagnose_orga.html;de_09_sprache_049_diagnose.html
9;50;Sprache untersuchen;Grammatik, Stil und Zeichensetzung: Grundbegriffe sichern;de_k9_st50_sprache_grundbegriffe;schueler/de_k9_st50_sprache_grundbegriffe_app.html;lehrer/de_k9_st50_sprache_grundbegriffe_orga.html;de_09_sprache_050_grundbegriffe.html
9;51;Sprache untersuchen;Grammatik, Stil und Zeichensetzung: Verfahren anwenden;de_k9_st51_sprache_verfahren;schueler/de_k9_st51_sprache_verfahren_app.html;lehrer/de_k9_st51_sprache_verfahren_orga.html;de_09_sprache_051_verfahren.html
9;52;Sprache untersuchen;Grammatik, Stil und Zeichensetzung: Formen und Funktionen untersuchen;de_k9_st52_sprache_funktion;schueler/de_k9_st52_sprache_funktion_app.html;lehrer/de_k9_st52_sprache_funktion_orga.html;de_09_sprache_052_funktion.html
9;53;Schreiben;Grammatik, Stil und Zeichensetzung: Wissen im eigenen Text nutzen;de_k9_st53_sprache_anwenden;schueler/de_k9_st53_sprache_anwenden_app.html;lehrer/de_k9_st53_sprache_anwenden_orga.html;de_09_sprache_053_anwenden.html
9;54;Sprache untersuchen;Grammatik, Stil und Zeichensetzung: Fehler finden und korrigieren;de_k9_st54_sprache_fehler;schueler/de_k9_st54_sprache_fehler_app.html;lehrer/de_k9_st54_sprache_fehler_orga.html;de_09_sprache_054_fehler.html
9;55;Sprache untersuchen;Grammatik, Stil und Zeichensetzung: Transfer auf unbekannte Beispiele;de_k9_st55_sprache_transfer;schueler/de_k9_st55_sprache_transfer_app.html;lehrer/de_k9_st55_sprache_transfer_orga.html;de_09_sprache_055_transfer.html
9;56;Schreiben;Grammatik, Stil und Zeichensetzung: Lernprodukt und Kompetenzcheck;de_k9_st56_sprache_kompetenzcheck;schueler/de_k9_st56_sprache_kompetenzcheck_app.html;lehrer/de_k9_st56_sprache_kompetenzcheck_orga.html;de_09_sprache_056_kompetenzcheck.html
10;89;Sprechen und Zuhören;Abschlussportfolio und Präsentation: Vorwissen und Positionen klären;de_k10_st89_abschluss_einstieg;schueler/de_k10_st89_abschluss_einstieg_app.html;lehrer/de_k10_st89_abschluss_einstieg_orga.html;de_10_abschluss_089_einstieg.html
10;90;Lesen/Umgang mit Texten;Abschlussportfolio und Präsentation: Quellen und Materialien erschließen;de_k10_st90_abschluss_quellen;schueler/de_k10_st90_abschluss_quellen_app.html;lehrer/de_k10_st90_abschluss_quellen_orga.html;de_10_abschluss_090_quellen.html
10;91;Lesen/Umgang mit Texten;Abschlussportfolio und Präsentation: Qualitätskriterien anwenden;de_k10_st91_abschluss_kriterien;schueler/de_k10_st91_abschluss_kriterien_app.html;lehrer/de_k10_st91_abschluss_kriterien_orga.html;de_10_abschluss_091_kriterien.html
10;92;Lesen/Umgang mit Texten;Abschlussportfolio und Präsentation: Darstellungen vergleichen;de_k10_st92_abschluss_vergleichen;schueler/de_k10_st92_abschluss_vergleichen_app.html;lehrer/de_k10_st92_abschluss_vergleichen_orga.html;de_10_abschluss_092_vergleichen.html
10;93;Schreiben;Abschlussportfolio und Präsentation: Informationen prüfen und ordnen;de_k10_st93_abschluss_recherche;schueler/de_k10_st93_abschluss_recherche_app.html;lehrer/de_k10_st93_abschluss_recherche_orga.html;de_10_abschluss_093_recherche.html
10;94;Schreiben;Abschlussportfolio und Präsentation: Produkt planen;de_k10_st94_abschluss_planen;schueler/de_k10_st94_abschluss_planen_app.html;lehrer/de_k10_st94_abschluss_planen_orga.html;de_10_abschluss_094_planen.html
10;95;Schreiben;Abschlussportfolio und Präsentation: Produkt erstellen;de_k10_st95_abschluss_erstellen;schueler/de_k10_st95_abschluss_erstellen_app.html;lehrer/de_k10_st95_abschluss_erstellen_orga.html;de_10_abschluss_095_erstellen.html
10;96;Sprechen und Zuhören;Abschlussportfolio und Präsentation: Präsentieren und reflektieren;de_k10_st96_abschluss_reflexion;schueler/de_k10_st96_abschluss_reflexion_app.html;lehrer/de_k10_st96_abschluss_reflexion_orga.html;de_10_abschluss_096_reflexion.html
10;65;Lesen/Umgang mit Texten;Berufliche Kommunikation: Beispieltexte untersuchen;de_k10_st65_beruf_beispiel;schueler/de_k10_st65_beruf_beispiel_app.html;lehrer/de_k10_st65_beruf_beispiel_orga.html;de_10_beruf_065_beispiel.html
10;66;Schreiben;Berufliche Kommunikation: Schreibziel und Kriterien klären;de_k10_st66_beruf_kriterien;schueler/de_k10_st66_beruf_kriterien_app.html;lehrer/de_k10_st66_beruf_kriterien_orga.html;de_10_beruf_066_kriterien.html
10;67;Lesen/Umgang mit Texten;Berufliche Kommunikation: Inhalte auswählen und ordnen;de_k10_st67_beruf_inhalte_ordnen;schueler/de_k10_st67_beruf_inhalte_ordnen_app.html;lehrer/de_k10_st67_beruf_inhalte_ordnen_orga.html;de_10_beruf_067_inhalte_ordnen.html
10;68;Sprache untersuchen;Berufliche Kommunikation: Passende sprachliche Mittel verwenden;de_k10_st68_beruf_sprachmittel;schueler/de_k10_st68_beruf_sprachmittel_app.html;lehrer/de_k10_st68_beruf_sprachmittel_orga.html;de_10_beruf_068_sprachmittel.html
10;69;Schreiben;Berufliche Kommunikation: Einen Schreibplan erstellen;de_k10_st69_beruf_schreibplan;schueler/de_k10_st69_beruf_schreibplan_app.html;lehrer/de_k10_st69_beruf_schreibplan_orga.html;de_10_beruf_069_schreibplan.html
10;70;Schreiben;Berufliche Kommunikation: Einen ersten Textentwurf verfassen;de_k10_st70_beruf_entwurf;schueler/de_k10_st70_beruf_entwurf_app.html;lehrer/de_k10_st70_beruf_entwurf_orga.html;de_10_beruf_070_entwurf.html
10;71;Schreiben;Berufliche Kommunikation: Text kriteriengeleitet überarbeiten;de_k10_st71_beruf_ueberarbeiten;schueler/de_k10_st71_beruf_ueberarbeiten_app.html;lehrer/de_k10_st71_beruf_ueberarbeiten_orga.html;de_10_beruf_071_ueberarbeiten.html
10;72;Sprechen und Zuhören;Berufliche Kommunikation: Texte vorstellen und bewerten;de_k10_st72_beruf_vorstellen;schueler/de_k10_st72_beruf_vorstellen_app.html;lehrer/de_k10_st72_beruf_vorstellen_orga.html;de_10_beruf_072_vorstellen.html
10;1;Sprechen und Zuhören;Diagnose und Prüfungsstrategie: Vorwissen und Positionen klären;de_k10_st01_diagnose_einstieg;schueler/de_k10_st01_diagnose_einstieg_app.html;lehrer/de_k10_st01_diagnose_einstieg_orga.html;de_10_diagnose_001_einstieg.html
10;2;Lesen/Umgang mit Texten;Diagnose und Prüfungsstrategie: Quellen und Materialien erschließen;de_k10_st02_diagnose_quellen;schueler/de_k10_st02_diagnose_quellen_app.html;lehrer/de_k10_st02_diagnose_quellen_orga.html;de_10_diagnose_002_quellen.html
10;3;Lesen/Umgang mit Texten;Diagnose und Prüfungsstrategie: Qualitätskriterien anwenden;de_k10_st03_diagnose_kriterien;schueler/de_k10_st03_diagnose_kriterien_app.html;lehrer/de_k10_st03_diagnose_kriterien_orga.html;de_10_diagnose_003_kriterien.html
10;4;Lesen/Umgang mit Texten;Diagnose und Prüfungsstrategie: Darstellungen vergleichen;de_k10_st04_diagnose_vergleichen;schueler/de_k10_st04_diagnose_vergleichen_app.html;lehrer/de_k10_st04_diagnose_vergleichen_orga.html;de_10_diagnose_004_vergleichen.html
10;5;Schreiben;Diagnose und Prüfungsstrategie: Informationen prüfen und ordnen;de_k10_st05_diagnose_recherche;schueler/de_k10_st05_diagnose_recherche_app.html;lehrer/de_k10_st05_diagnose_recherche_orga.html;de_10_diagnose_005_recherche.html
10;6;Schreiben;Diagnose und Prüfungsstrategie: Produkt planen;de_k10_st06_diagnose_planen;schueler/de_k10_st06_diagnose_planen_app.html;lehrer/de_k10_st06_diagnose_planen_orga.html;de_10_diagnose_006_planen.html
10;7;Schreiben;Diagnose und Prüfungsstrategie: Produkt erstellen;de_k10_st07_diagnose_erstellen;schueler/de_k10_st07_diagnose_erstellen_app.html;lehrer/de_k10_st07_diagnose_erstellen_orga.html;de_10_diagnose_007_erstellen.html
10;8;Sprechen und Zuhören;Diagnose und Prüfungsstrategie: Präsentieren und reflektieren;de_k10_st08_diagnose_reflexion;schueler/de_k10_st08_diagnose_reflexion_app.html;lehrer/de_k10_st08_diagnose_reflexion_orga.html;de_10_diagnose_008_reflexion.html
10;9;Sprechen und Zuhören;Klassisches Drama: Hör- oder Leseeinstieg gestalten;de_k10_st09_drama_klassik_einstieg;schueler/de_k10_st09_drama_klassik_einstieg_app.html;lehrer/de_k10_st09_drama_klassik_einstieg_orga.html;de_10_drama_klassik_009_einstieg.html
10;10;Lesen/Umgang mit Texten;Klassisches Drama: Den Text mit Lesestrategien erschließen;de_k10_st10_drama_klassik_erschliessen;schueler/de_k10_st10_drama_klassik_erschliessen_app.html;lehrer/de_k10_st10_drama_klassik_erschliessen_orga.html;de_10_drama_klassik_010_erschliessen.html
10;11;Lesen/Umgang mit Texten;Klassisches Drama: Gattungsmerkmale erkennen;de_k10_st11_drama_klassik_merkmale;schueler/de_k10_st11_drama_klassik_merkmale_app.html;lehrer/de_k10_st11_drama_klassik_merkmale_orga.html;de_10_drama_klassik_011_merkmale.html
10;12;Lesen/Umgang mit Texten;Klassisches Drama: Figuren, Handlung und Konflikt untersuchen;de_k10_st12_drama_klassik_figuren_handlung;schueler/de_k10_st12_drama_klassik_figuren_handlung_app.html;lehrer/de_k10_st12_drama_klassik_figuren_handlung_orga.html;de_10_drama_klassik_012_figuren_handlung.html
10;13;Sprache untersuchen;Klassisches Drama: Sprache und Wirkung untersuchen;de_k10_st13_drama_klassik_sprache_wirkung;schueler/de_k10_st13_drama_klassik_sprache_wirkung_app.html;lehrer/de_k10_st13_drama_klassik_sprache_wirkung_orga.html;de_10_drama_klassik_013_sprache_wirkung.html
10;14;Schreiben;Klassisches Drama: Eine Deutung oder Perspektive vorbereiten;de_k10_st14_drama_klassik_deutung_planen;schueler/de_k10_st14_drama_klassik_deutung_planen_app.html;lehrer/de_k10_st14_drama_klassik_deutung_planen_orga.html;de_10_drama_klassik_014_deutung_planen.html
10;15;Schreiben;Klassisches Drama: Szenenanalyse gestalten;de_k10_st15_drama_klassik_produkt;schueler/de_k10_st15_drama_klassik_produkt_app.html;lehrer/de_k10_st15_drama_klassik_produkt_orga.html;de_10_drama_klassik_015_produkt.html
10;16;Sprechen und Zuhören;Klassisches Drama: Ergebnisse präsentieren und reflektieren;de_k10_st16_drama_klassik_praesentieren;schueler/de_k10_st16_drama_klassik_praesentieren_app.html;lehrer/de_k10_st16_drama_klassik_praesentieren_orga.html;de_10_drama_klassik_016_praesentieren.html
10;17;Sprechen und Zuhören;Modernes oder episches Drama: Hör- oder Leseeinstieg gestalten;de_k10_st17_drama_modern_einstieg;schueler/de_k10_st17_drama_modern_einstieg_app.html;lehrer/de_k10_st17_drama_modern_einstieg_orga.html;de_10_drama_modern_017_einstieg.html
10;18;Lesen/Umgang mit Texten;Modernes oder episches Drama: Den Text mit Lesestrategien erschließen;de_k10_st18_drama_modern_erschliessen;schueler/de_k10_st18_drama_modern_erschliessen_app.html;lehrer/de_k10_st18_drama_modern_erschliessen_orga.html;de_10_drama_modern_018_erschliessen.html
10;19;Lesen/Umgang mit Texten;Modernes oder episches Drama: Gattungsmerkmale erkennen;de_k10_st19_drama_modern_merkmale;schueler/de_k10_st19_drama_modern_merkmale_app.html;lehrer/de_k10_st19_drama_modern_merkmale_orga.html;de_10_drama_modern_019_merkmale.html
10;20;Lesen/Umgang mit Texten;Modernes oder episches Drama: Figuren, Handlung und Konflikt untersuchen;de_k10_st20_drama_modern_figuren_handlung;schueler/de_k10_st20_drama_modern_figuren_handlung_app.html;lehrer/de_k10_st20_drama_modern_figuren_handlung_orga.html;de_10_drama_modern_020_figuren_handlung.html
10;21;Sprache untersuchen;Modernes oder episches Drama: Sprache und Wirkung untersuchen;de_k10_st21_drama_modern_sprache_wirkung;schueler/de_k10_st21_drama_modern_sprache_wirkung_app.html;lehrer/de_k10_st21_drama_modern_sprache_wirkung_orga.html;de_10_drama_modern_021_sprache_wirkung.html
10;22;Schreiben;Modernes oder episches Drama: Eine Deutung oder Perspektive vorbereiten;de_k10_st22_drama_modern_deutung_planen;schueler/de_k10_st22_drama_modern_deutung_planen_app.html;lehrer/de_k10_st22_drama_modern_deutung_planen_orga.html;de_10_drama_modern_022_deutung_planen.html
10;23;Schreiben;Modernes oder episches Drama: Inszenierungsvergleich gestalten;de_k10_st23_drama_modern_produkt;schueler/de_k10_st23_drama_modern_produkt_app.html;lehrer/de_k10_st23_drama_modern_produkt_orga.html;de_10_drama_modern_023_produkt.html
10;24;Sprechen und Zuhören;Modernes oder episches Drama: Ergebnisse präsentieren und reflektieren;de_k10_st24_drama_modern_praesentieren;schueler/de_k10_st24_drama_modern_praesentieren_app.html;lehrer/de_k10_st24_drama_modern_praesentieren_orga.html;de_10_drama_modern_024_praesentieren.html
10;25;Lesen/Umgang mit Texten;Dialektisch erörtern: Beispieltexte untersuchen;de_k10_st25_eroerterung_dialektisch_beispiel;schueler/de_k10_st25_eroerterung_dialektisch_beispiel_app.html;lehrer/de_k10_st25_eroerterung_dialektisch_beispiel_orga.html;de_10_eroerterung_dialektisch_025_beispiel.html
10;26;Schreiben;Dialektisch erörtern: Schreibziel und Kriterien klären;de_k10_st26_eroerterung_dialektisch_kriterien;schueler/de_k10_st26_eroerterung_dialektisch_kriterien_app.html;lehrer/de_k10_st26_eroerterung_dialektisch_kriterien_orga.html;de_10_eroerterung_dialektisch_026_kriterien.html
10;27;Lesen/Umgang mit Texten;Dialektisch erörtern: Inhalte auswählen und ordnen;de_k10_st27_eroerterung_dialektisch_inhalte_ordnen;schueler/de_k10_st27_eroerterung_dialektisch_inhalte_ordnen_app.html;lehrer/de_k10_st27_eroerterung_dialektisch_inhalte_ordnen_orga.html;de_10_eroerterung_dialektisch_027_inhalte_ordnen.html
10;28;Sprache untersuchen;Dialektisch erörtern: Passende sprachliche Mittel verwenden;de_k10_st28_eroerterung_dialektisch_sprachmittel;schueler/de_k10_st28_eroerterung_dialektisch_sprachmittel_app.html;lehrer/de_k10_st28_eroerterung_dialektisch_sprachmittel_orga.html;de_10_eroerterung_dialektisch_028_sprachmittel.html
10;29;Schreiben;Dialektisch erörtern: Einen Schreibplan erstellen;de_k10_st29_eroerterung_dialektisch_schreibplan;schueler/de_k10_st29_eroerterung_dialektisch_schreibplan_app.html;lehrer/de_k10_st29_eroerterung_dialektisch_schreibplan_orga.html;de_10_eroerterung_dialektisch_029_schreibplan.html
10;30;Schreiben;Dialektisch erörtern: Einen ersten Textentwurf verfassen;de_k10_st30_eroerterung_dialektisch_entwurf;schueler/de_k10_st30_eroerterung_dialektisch_entwurf_app.html;lehrer/de_k10_st30_eroerterung_dialektisch_entwurf_orga.html;de_10_eroerterung_dialektisch_030_entwurf.html
10;31;Schreiben;Dialektisch erörtern: Text kriteriengeleitet überarbeiten;de_k10_st31_eroerterung_dialektisch_ueberarbeiten;schueler/de_k10_st31_eroerterung_dialektisch_ueberarbeiten_app.html;lehrer/de_k10_st31_eroerterung_dialektisch_ueberarbeiten_orga.html;de_10_eroerterung_dialektisch_031_ueberarbeiten.html
10;32;Sprechen und Zuhören;Dialektisch erörtern: Texte vorstellen und bewerten;de_k10_st32_eroerterung_dialektisch_vorstellen;schueler/de_k10_st32_eroerterung_dialektisch_vorstellen_app.html;lehrer/de_k10_st32_eroerterung_dialektisch_vorstellen_orga.html;de_10_eroerterung_dialektisch_032_vorstellen.html
10;49;Sprechen und Zuhören;Medienkritik: KI, Algorithmen und Öffentlichkeit: Vorwissen und Positionen klären;de_k10_st49_ki_medien_einstieg;schueler/de_k10_st49_ki_medien_einstieg_app.html;lehrer/de_k10_st49_ki_medien_einstieg_orga.html;de_10_ki_medien_049_einstieg.html
10;50;Lesen/Umgang mit Texten;Medienkritik: KI, Algorithmen und Öffentlichkeit: Quellen und Materialien erschließen;de_k10_st50_ki_medien_quellen;schueler/de_k10_st50_ki_medien_quellen_app.html;lehrer/de_k10_st50_ki_medien_quellen_orga.html;de_10_ki_medien_050_quellen.html
10;51;Lesen/Umgang mit Texten;Medienkritik: KI, Algorithmen und Öffentlichkeit: Qualitätskriterien anwenden;de_k10_st51_ki_medien_kriterien;schueler/de_k10_st51_ki_medien_kriterien_app.html;lehrer/de_k10_st51_ki_medien_kriterien_orga.html;de_10_ki_medien_051_kriterien.html
10;52;Lesen/Umgang mit Texten;Medienkritik: KI, Algorithmen und Öffentlichkeit: Darstellungen vergleichen;de_k10_st52_ki_medien_vergleichen;schueler/de_k10_st52_ki_medien_vergleichen_app.html;lehrer/de_k10_st52_ki_medien_vergleichen_orga.html;de_10_ki_medien_052_vergleichen.html
10;53;Schreiben;Medienkritik: KI, Algorithmen und Öffentlichkeit: Informationen prüfen und ordnen;de_k10_st53_ki_medien_recherche;schueler/de_k10_st53_ki_medien_recherche_app.html;lehrer/de_k10_st53_ki_medien_recherche_orga.html;de_10_ki_medien_053_recherche.html
10;54;Schreiben;Medienkritik: KI, Algorithmen und Öffentlichkeit: Produkt planen;de_k10_st54_ki_medien_planen;schueler/de_k10_st54_ki_medien_planen_app.html;lehrer/de_k10_st54_ki_medien_planen_orga.html;de_10_ki_medien_054_planen.html
10;55;Schreiben;Medienkritik: KI, Algorithmen und Öffentlichkeit: Produkt erstellen;de_k10_st55_ki_medien_erstellen;schueler/de_k10_st55_ki_medien_erstellen_app.html;lehrer/de_k10_st55_ki_medien_erstellen_orga.html;de_10_ki_medien_055_erstellen.html
10;56;Sprechen und Zuhören;Medienkritik: KI, Algorithmen und Öffentlichkeit: präsentieren und reflektieren;de_k10_st56_ki_medien_reflexion;schueler/de_k10_st56_ki_medien_reflexion_app.html;lehrer/de_k10_st56_ki_medien_reflexion_orga.html;de_10_ki_medien_056_reflexion.html
10;41;Sprechen und Zuhören;Literarische Texte vergleichen: Hör- oder Leseeinstieg gestalten;de_k10_st41_literaturvergleich_einstieg;schueler/de_k10_st41_literaturvergleich_einstieg_app.html;lehrer/de_k10_st41_literaturvergleich_einstieg_orga.html;de_10_literaturvergleich_041_einstieg.html
10;42;Lesen/Umgang mit Texten;Literarische Texte vergleichen: Den Text mit Lesestrategien erschließen;de_k10_st42_literaturvergleich_erschliessen;schueler/de_k10_st42_literaturvergleich_erschliessen_app.html;lehrer/de_k10_st42_literaturvergleich_erschliessen_orga.html;de_10_literaturvergleich_042_erschliessen.html
10;43;Lesen/Umgang mit Texten;Literarische Texte vergleichen: Gattungsmerkmale erkennen;de_k10_st43_literaturvergleich_merkmale;schueler/de_k10_st43_literaturvergleich_merkmale_app.html;lehrer/de_k10_st43_literaturvergleich_merkmale_orga.html;de_10_literaturvergleich_043_merkmale.html
10;44;Lesen/Umgang mit Texten;Literarische Texte vergleichen: Figuren, Handlung und Konflikt untersuchen;de_k10_st44_literaturvergleich_figuren_handlung;schueler/de_k10_st44_literaturvergleich_figuren_handlung_app.html;lehrer/de_k10_st44_literaturvergleich_figuren_handlung_orga.html;de_10_literaturvergleich_044_figuren_handlung.html
10;45;Sprache untersuchen;Literarische Texte vergleichen: Sprache und Wirkung untersuchen;de_k10_st45_literaturvergleich_sprache_wirkung;schueler/de_k10_st45_literaturvergleich_sprache_wirkung_app.html;lehrer/de_k10_st45_literaturvergleich_sprache_wirkung_orga.html;de_10_literaturvergleich_045_sprache_wirkung.html
10;46;Schreiben;Literarische Texte vergleichen: Eine Deutung oder Perspektive vorbereiten;de_k10_st46_literaturvergleich_deutung_planen;schueler/de_k10_st46_literaturvergleich_deutung_planen_app.html;lehrer/de_k10_st46_literaturvergleich_deutung_planen_orga.html;de_10_literaturvergleich_046_deutung_planen.html
10;47;Schreiben;Literarische Texte vergleichen: Vergleichende Interpretation gestalten;de_k10_st47_literaturvergleich_produkt;schueler/de_k10_st47_literaturvergleich_produkt_app.html;lehrer/de_k10_st47_literaturvergleich_produkt_orga.html;de_10_literaturvergleich_047_produkt.html
10;48;Sprechen und Zuhören;Literarische Texte vergleichen: Ergebnisse präsentieren und reflektieren;de_k10_st48_literaturvergleich_praesentieren;schueler/de_k10_st48_literaturvergleich_praesentieren_app.html;lehrer/de_k10_st48_literaturvergleich_praesentieren_orga.html;de_10_literaturvergleich_048_praesentieren.html
10;73;Sprechen und Zuhören;Liebeslyrik und politische Lyrik: Hör- oder Leseeinstieg gestalten;de_k10_st73_lyrik_einstieg;schueler/de_k10_st73_lyrik_einstieg_app.html;lehrer/de_k10_st73_lyrik_einstieg_orga.html;de_10_lyrik_073_einstieg.html
10;74;Lesen/Umgang mit Texten;Liebeslyrik und politische Lyrik: Den Text mit Lesestrategien erschließen;de_k10_st74_lyrik_erschliessen;schueler/de_k10_st74_lyrik_erschliessen_app.html;lehrer/de_k10_st74_lyrik_erschliessen_orga.html;de_10_lyrik_074_erschliessen.html
10;75;Lesen/Umgang mit Texten;Liebeslyrik und politische Lyrik: Gattungsmerkmale erkennen;de_k10_st75_lyrik_merkmale;schueler/de_k10_st75_lyrik_merkmale_app.html;lehrer/de_k10_st75_lyrik_merkmale_orga.html;de_10_lyrik_075_merkmale.html
10;76;Lesen/Umgang mit Texten;Liebeslyrik und politische Lyrik: Figuren, Handlung und Konflikt untersuchen;de_k10_st76_lyrik_figuren_handlung;schueler/de_k10_st76_lyrik_figuren_handlung_app.html;lehrer/de_k10_st76_lyrik_figuren_handlung_orga.html;de_10_lyrik_076_figuren_handlung.html
10;77;Sprache untersuchen;Liebeslyrik und politische Lyrik: Sprache und Wirkung untersuchen;de_k10_st77_lyrik_sprache_wirkung;schueler/de_k10_st77_lyrik_sprache_wirkung_app.html;lehrer/de_k10_st77_lyrik_sprache_wirkung_orga.html;de_10_lyrik_077_sprache_wirkung.html
10;78;Schreiben;Liebeslyrik und politische Lyrik: Eine Deutung oder Perspektive vorbereiten;de_k10_st78_lyrik_deutung_planen;schueler/de_k10_st78_lyrik_deutung_planen_app.html;lehrer/de_k10_st78_lyrik_deutung_planen_orga.html;de_10_lyrik_078_deutung_planen.html
10;79;Schreiben;Liebeslyrik und politische Lyrik: Vergleichende Gedichtanalyse gestalten;de_k10_st79_lyrik_produkt;schueler/de_k10_st79_lyrik_produkt_app.html;lehrer/de_k10_st79_lyrik_produkt_orga.html;de_10_lyrik_079_produkt.html
10;80;Sprechen und Zuhören;Liebeslyrik und politische Lyrik: Ergebnisse präsentieren und reflektieren;de_k10_st80_lyrik_praesentieren;schueler/de_k10_st80_lyrik_praesentieren_app.html;lehrer/de_k10_st80_lyrik_praesentieren_orga.html;de_10_lyrik_080_praesentieren.html
10;57;Sprache untersuchen;Rhetorik, Sprache und Wirkung: Lernstand feststellen;de_k10_st57_rhetorik_diagnose;schueler/de_k10_st57_rhetorik_diagnose_app.html;lehrer/de_k10_st57_rhetorik_diagnose_orga.html;de_10_rhetorik_057_diagnose.html
10;58;Sprache untersuchen;Rhetorik, Sprache und Wirkung: Grundbegriffe sichern;de_k10_st58_rhetorik_grundbegriffe;schueler/de_k10_st58_rhetorik_grundbegriffe_app.html;lehrer/de_k10_st58_rhetorik_grundbegriffe_orga.html;de_10_rhetorik_058_grundbegriffe.html
10;59;Sprache untersuchen;Rhetorik, Sprache und Wirkung: Verfahren anwenden;de_k10_st59_rhetorik_verfahren;schueler/de_k10_st59_rhetorik_verfahren_app.html;lehrer/de_k10_st59_rhetorik_verfahren_orga.html;de_10_rhetorik_059_verfahren.html
10;60;Sprache untersuchen;Rhetorik, Sprache und Wirkung: Formen und Funktionen untersuchen;de_k10_st60_rhetorik_funktion;schueler/de_k10_st60_rhetorik_funktion_app.html;lehrer/de_k10_st60_rhetorik_funktion_orga.html;de_10_rhetorik_060_funktion.html
10;61;Schreiben;Rhetorik, Sprache und Wirkung: Wissen im eigenen Text nutzen;de_k10_st61_rhetorik_anwenden;schueler/de_k10_st61_rhetorik_anwenden_app.html;lehrer/de_k10_st61_rhetorik_anwenden_orga.html;de_10_rhetorik_061_anwenden.html
10;62;Sprache untersuchen;Rhetorik, Sprache und Wirkung: Fehler finden und korrigieren;de_k10_st62_rhetorik_fehler;schueler/de_k10_st62_rhetorik_fehler_app.html;lehrer/de_k10_st62_rhetorik_fehler_orga.html;de_10_rhetorik_062_fehler.html
10;63;Sprache untersuchen;Rhetorik, Sprache und Wirkung: Transfer auf unbekannte Beispiele;de_k10_st63_rhetorik_transfer;schueler/de_k10_st63_rhetorik_transfer_app.html;lehrer/de_k10_st63_rhetorik_transfer_orga.html;de_10_rhetorik_063_transfer.html
10;64;Schreiben;Rhetorik, Sprache und Wirkung: Lernprodukt und Kompetenzcheck;de_k10_st64_rhetorik_kompetenzcheck;schueler/de_k10_st64_rhetorik_kompetenzcheck_app.html;lehrer/de_k10_st64_rhetorik_kompetenzcheck_orga.html;de_10_rhetorik_064_kompetenzcheck.html
10;81;Sprechen und Zuhören;Prüfungssimulation Deutsch: Vorwissen und Positionen klären;de_k10_st81_simulation_einstieg;schueler/de_k10_st81_simulation_einstieg_app.html;lehrer/de_k10_st81_simulation_einstieg_orga.html;de_10_simulation_081_einstieg.html
10;82;Lesen/Umgang mit Texten;Prüfungssimulation Deutsch: Quellen und Materialien erschließen;de_k10_st82_simulation_quellen;schueler/de_k10_st82_simulation_quellen_app.html;lehrer/de_k10_st82_simulation_quellen_orga.html;de_10_simulation_082_quellen.html
10;83;Lesen/Umgang mit Texten;Prüfungssimulation Deutsch: Qualitätskriterien anwenden;de_k10_st83_simulation_kriterien;schueler/de_k10_st83_simulation_kriterien_app.html;lehrer/de_k10_st83_simulation_kriterien_orga.html;de_10_simulation_083_kriterien.html
10;84;Lesen/Umgang mit Texten;Prüfungssimulation Deutsch: Darstellungen vergleichen;de_k10_st84_simulation_vergleichen;schueler/de_k10_st84_simulation_vergleichen_app.html;lehrer/de_k10_st84_simulation_vergleichen_orga.html;de_10_simulation_084_vergleichen.html
10;85;Schreiben;Prüfungssimulation Deutsch: Informationen prüfen und ordnen;de_k10_st85_simulation_recherche;schueler/de_k10_st85_simulation_recherche_app.html;lehrer/de_k10_st85_simulation_recherche_orga.html;de_10_simulation_085_recherche.html
10;86;Schreiben;Prüfungssimulation Deutsch: Produkt planen;de_k10_st86_simulation_planen;schueler/de_k10_st86_simulation_planen_app.html;lehrer/de_k10_st86_simulation_planen_orga.html;de_10_simulation_086_planen.html
10;87;Schreiben;Prüfungssimulation Deutsch: Produkt erstellen;de_k10_st87_simulation_erstellen;schueler/de_k10_st87_simulation_erstellen_app.html;lehrer/de_k10_st87_simulation_erstellen_orga.html;de_10_simulation_087_erstellen.html
10;88;Sprechen und Zuhören;Prüfungssimulation Deutsch: Präsentieren und reflektieren;de_k10_st88_simulation_reflexion;schueler/de_k10_st88_simulation_reflexion_app.html;lehrer/de_k10_st88_simulation_reflexion_orga.html;de_10_simulation_088_reflexion.html
10;33;Lesen/Umgang mit Texten;Textgebunden erörtern und kommentieren: Beispieltexte untersuchen;de_k10_st33_textgebunden_beispiel;schueler/de_k10_st33_textgebunden_beispiel_app.html;lehrer/de_k10_st33_textgebunden_beispiel_orga.html;de_10_textgebunden_033_beispiel.html
10;34;Schreiben;Textgebunden erörtern und kommentieren: Schreibziel und Kriterien klären;de_k10_st34_textgebunden_kriterien;schueler/de_k10_st34_textgebunden_kriterien_app.html;lehrer/de_k10_st34_textgebunden_kriterien_orga.html;de_10_textgebunden_034_kriterien.html
10;35;Lesen/Umgang mit Texten;Textgebunden erörtern und kommentieren: Inhalte auswählen und ordnen;de_k10_st35_textgebunden_inhalte_ordnen;schueler/de_k10_st35_textgebunden_inhalte_ordnen_app.html;lehrer/de_k10_st35_textgebunden_inhalte_ordnen_orga.html;de_10_textgebunden_035_inhalte_ordnen.html
10;36;Sprache untersuchen;Textgebunden erörtern und kommentieren: Passende sprachliche Mittel verwenden;de_k10_st36_textgebunden_sprachmittel;schueler/de_k10_st36_textgebunden_sprachmittel_app.html;lehrer/de_k10_st36_textgebunden_sprachmittel_orga.html;de_10_textgebunden_036_sprachmittel.html
10;37;Schreiben;Textgebunden erörtern und kommentieren: Einen Schreibplan erstellen;de_k10_st37_textgebunden_schreibplan;schueler/de_k10_st37_textgebunden_schreibplan_app.html;lehrer/de_k10_st37_textgebunden_schreibplan_orga.html;de_10_textgebunden_037_schreibplan.html
10;38;Schreiben;Textgebunden erörtern und kommentieren: Einen ersten Textentwurf verfassen;de_k10_st38_textgebunden_entwurf;schueler/de_k10_st38_textgebunden_entwurf_app.html;lehrer/de_k10_st38_textgebunden_entwurf_orga.html;de_10_textgebunden_038_entwurf.html
10;39;Schreiben;Textgebunden erörtern und kommentieren: Text kriteriengeleitet überarbeiten;de_k10_st39_textgebunden_ueberarbeiten;schueler/de_k10_st39_textgebunden_ueberarbeiten_app.html;lehrer/de_k10_st39_textgebunden_ueberarbeiten_orga.html;de_10_textgebunden_039_ueberarbeiten.html
10;40;Sprechen und Zuhören;Textgebunden erörtern und kommentieren: Texte vorstellen und bewerten;de_k10_st40_textgebunden_vorstellen;schueler/de_k10_st40_textgebunden_vorstellen_app.html;lehrer/de_k10_st40_textgebunden_vorstellen_orga.html;de_10_textgebunden_040_vorstellen.html
